player_id,game_id,theta
0,0,-0.007231
1,0,-0.148504
2,0,-0.012935
3,0,-0.024694
6,0,-0.01302
7,0,-0.14101
8,0,-0.033384
9,0,-0.041175
10,0,0.007163
11,0,-0.07173
12,0,-0.087442
13,0,-0.025231
15,0,-0.098371
16,0,-0.130795
18,0,-0.074346
21,0,-0.01302
22,0,-0.007231
25,0,-0.039912
26,0,-0.032816
27,0,-0.07197
28,0,-0.020163
29,0,-0.132107
30,0,-0.028721
31,0,-0.014367
33,0,-0.088526
34,0,-0.098381
35,0,-0.013912
37,0,-0.034279
39,0,-0.005951
41,0,-0.00992
42,0,-0.013912
44,0,-0.00992
45,0,-0.013912
46,0,0.005868
47,0,-0.045795
49,0,-0.008646
50,0,-0.00992
51,0,-0.015054
54,0,-0.108889
56,0,-0.084975
57,0,-0.039912
58,0,-0.07197
59,0,-0.03253
62,0,-0.09354
64,0,-0.008553
67,0,-0.181025
68,0,-0.019393
70,0,-0.121651
72,0,-0.050416
73,0,-0.022057
74,0,-0.029888
77,0,-0.039125
80,0,-0.098695
83,0,-0.026184
85,0,-0.062421
88,0,-0.008553
90,0,-0.022057
91,0,-0.022057
92,0,-0.012935
94,0,-0.07212
95,0,-0.024198
96,0,-0.057862
98,0,-0.07409
99,0,-0.084975
102,1,-0.005034
104,1,-0.001813
108,1,-0.030044
109,1,-0.041471
111,1,-0.183959
113,1,-0.151787
114,1,-0.055485
115,1,-0.012615
116,1,-0.045166
117,1,-0.054251
120,1,-0.204088
122,1,-0.030044
124,1,0.006731
125,1,-0.030044
127,1,-0.045166
128,1,-0.013937
129,1,-0.045166
130,1,-0.073052
131,1,-0.023418
132,1,-0.073863
133,1,-0.088367
134,1,0.005651
135,1,-0.045166
136,1,-0.042256
137,1,0.011332
138,1,-0.068267
139,1,0.00903
140,1,-0.049566
141,1,-0.031999
142,1,-0.179955
143,1,-0.063495
146,1,0.011773
147,1,-0.110019
148,1,-0.055444
149,1,0.023457
150,1,-0.089016
151,1,0.010952
152,1,-0.036602
153,1,0.005649
154,1,0.011773
156,1,-0.244824
157,1,0.010952
158,1,-0.034778
159,1,-0.012615
160,1,-0.055485
161,1,-0.002131
162,1,0.023893
163,1,0.005649
164,1,-0.001917
166,1,0.00566
167,1,0.00566
168,1,-0.049119
169,1,-0.072805
171,1,-0.038677
172,1,0.00566
173,1,-0.034778
174,1,-0.050045
175,1,-0.037447
176,1,-0.029322
177,1,0.011975
178,1,-0.14892
179,1,-0.031999
180,1,0.005649
182,1,-0.071881
183,1,-0.008367
184,1,-0.037447
186,1,-0.037447
187,1,0.011975
188,1,-0.013937
189,1,0.010952
190,1,-0.031999
191,1,-0.082865
192,1,0.00566
195,1,-0.089016
196,1,-0.012615
197,1,-0.030044
3,2,-0.039762
6,2,-0.090759
10,2,0.013218
11,2,-0.158394
12,2,-0.181142
13,2,-0.077806
15,2,-0.157587
18,2,-0.104679
19,2,-0.050123
20,2,-0.011088
21,2,-0.190858
22,2,0.019204
23,2,-0.09676
24,2,-0.122638
25,2,-0.029465
26,2,-0.020979
27,2,-0.138103
28,2,-0.071419
31,2,-0.12246
32,2,-0.142717
33,2,-0.155175
34,2,-0.116316
36,2,-0.13689
37,2,-0.047675
38,2,-0.252739
39,2,5e-05
43,2,-0.003691
45,2,-0.05999
46,2,-0.009744
47,2,-0.03385
48,2,-0.139648
49,2,0.012879
50,2,-0.128071
52,2,-0.157169
55,2,-0.236947
56,2,-0.178527
57,2,-0.05323
58,2,-0.142612
59,2,-0.020691
60,2,-0.091342
61,2,-0.092346
62,2,-0.139388
63,2,-0.062398
65,2,-0.050123
66,2,-0.339013
67,2,-0.159728
68,2,-0.218567
69,2,-0.188339
71,2,-0.058641
72,2,-0.069338
73,2,-0.099095
76,2,-0.102901
78,2,-0.13689
80,2,-0.145877
83,2,-0.05818
84,2,-0.022231
85,2,-0.081092
86,2,-0.129564
87,2,-0.120677
88,2,-0.12815
91,2,-0.060273
92,2,-0.059059
93,2,-0.003691
95,2,-0.1526
96,2,-0.129518
98,2,-0.133334
99,2,-0.132871
100,3,-0.145529
101,3,-0.060925
102,3,-0.021636
103,3,-0.048824
104,3,0.003843
105,3,-0.053491
106,3,-0.153785
108,3,-0.089083
109,3,-0.056719
110,3,-0.074437
111,3,-0.220881
112,3,-0.035844
113,3,-0.175793
114,3,-0.084369
116,3,-0.040264
117,3,-0.125706
121,3,-0.117141
122,3,-0.060555
123,3,-0.094982
127,3,-0.075598
128,3,-0.066883
129,3,-0.080242
130,3,-0.067978
131,3,-0.01485
133,3,-0.127348
134,3,-0.012863
136,3,-0.049943
137,3,-0.033186
142,3,-0.198208
144,3,-0.120693
147,3,-0.104103
148,3,-0.151758
149,3,0.033357
151,3,0.019757
152,3,-0.079163
153,3,-0.038823
157,3,0.016021
159,3,-0.040605
161,3,0.004224
162,3,0.039158
163,3,-0.000133
164,3,-0.025452
166,3,0.010713
167,3,0.010981
169,3,-0.152746
171,3,-0.032479
172,3,-0.064756
173,3,-0.089112
174,3,-0.064257
175,3,-0.048925
176,3,-0.01761
178,3,-0.14361
179,3,-0.046509
180,3,-0.033981
181,3,-0.040469
182,3,-0.078834
184,3,-0.063258
185,3,-0.045683
186,3,-0.111802
188,3,-0.00817
189,3,0.022489
192,3,-0.094192
193,3,-0.004272
194,3,-0.085611
195,3,-0.176375
196,3,-0.006843
197,3,-0.054932
198,3,-0.109475
199,3,-0.061653
0,4,-0.043422
1,4,-0.288813
2,4,-0.039465
3,4,-0.049342
4,4,-0.133448
5,4,-0.18468
6,4,-0.120505
7,4,-0.238707
8,4,-0.023108
9,4,-0.030949
10,4,0.004837
11,4,-0.1509
12,4,-0.195758
13,4,-0.108337
14,4,-0.146364
15,4,-0.236707
17,4,-0.076078
18,4,-0.114716
19,4,-0.065959
21,4,-0.201709
22,4,-0.010384
23,4,-0.172569
25,4,-0.131316
26,4,-0.032096
27,4,-0.213423
28,4,-0.088345
29,4,-0.216531
30,4,-0.00529
33,4,-0.209927
35,4,-0.053391
36,4,-0.202078
38,4,-0.283781
39,4,0.016836
40,4,-0.18468
42,4,0.00694
43,4,-0.05966
44,4,-0.045001
45,4,-0.11983
47,4,-0.061789
49,4,-0.006744
50,4,-0.110852
51,4,-0.038297
52,4,-0.1761
53,4,-0.164561
56,4,-0.218192
57,4,-0.044633
58,4,-0.174365
59,4,-0.069778
62,4,-0.194576
63,4,-0.095579
65,4,-0.040536
66,4,-0.328948
67,4,-0.167555
69,4,-0.228764
70,4,-0.108925
71,4,-0.07067
72,4,-0.182767
73,4,-0.156601
74,4,-0.073697
75,4,-0.087069
76,4,-0.132956
77,4,-0.119882
79,4,-0.137992
80,4,-0.198759
83,4,-0.085389
84,4,-0.035018
85,4,-0.090094
86,4,-0.140824
87,4,-0.156428
88,4,-0.118406
89,4,-0.130551
90,4,-0.120344
92,4,-0.086367
93,4,-0.043622
94,4,-0.096878
95,4,-0.166372
98,4,-0.125962
99,4,-0.125136
100,5,-0.190771
101,5,-0.065253
103,5,-0.054726
104,5,-0.008013
106,5,-0.156905
107,5,-0.121338
109,5,-0.066863
111,5,-0.236219
112,5,-0.053703
113,5,-0.208618
114,5,-0.095026
115,5,-0.096441
116,5,-0.048355
118,5,-0.053489
119,5,-0.142144
120,5,-0.199357
121,5,-0.108013
122,5,-0.066768
123,5,-0.107659
125,5,-0.02121
126,5,-0.070358
127,5,-0.089507
128,5,-0.080799
129,5,-0.076886
130,5,-0.111565
131,5,-0.026193
132,5,-0.086712
133,5,-0.136569
134,5,-0.006711
135,5,-0.09783
136,5,-0.046334
138,5,-0.070989
139,5,0.012467
140,5,-0.041149
141,5,-0.028539
142,5,-0.243528
143,5,-0.059549
145,5,-0.073495
146,5,-0.018596
147,5,-0.10036
149,5,0.017617
151,5,-0.031195
152,5,-0.096443
154,5,0.019519
156,5,-0.252471
157,5,0.019339
158,5,-0.089811
160,5,-0.065723
161,5,-0.039042
163,5,-0.011674
164,5,-0.036899
167,5,-0.032589
168,5,-0.12722
169,5,-0.200218
170,5,-0.145998
171,5,-0.046954
172,5,-0.089597
173,5,-0.136865
174,5,-0.06104
175,5,-0.060053
176,5,-0.01117
178,5,-0.149124
179,5,-0.042894
180,5,-0.02745
182,5,-0.123489
184,5,-0.06952
186,5,-0.161369
187,5,-0.043978
188,5,-0.010764
189,5,0.034303
190,5,-0.024714
192,5,-0.142524
194,5,-0.081737
195,5,-0.183564
196,5,-0.003557
197,5,-0.079085
198,5,-0.160503
199,5,-0.057831
0,6,-0.077485
3,6,-0.072478
4,6,-0.15009
5,6,-0.212731
6,6,-0.110042
7,6,-0.24549
10,6,-0.012325
11,6,-0.162336
13,6,-0.115274
14,6,-0.144697
17,6,-0.107794
19,6,-0.076264
20,6,-0.021163
22,6,-0.000204
23,6,-0.22439
24,6,-0.154303
25,6,-0.139403
28,6,-0.130775
30,6,-0.011767
31,6,-0.162154
34,6,-0.113221
36,6,-0.220646
39,6,-0.016738
40,6,-0.206165
44,6,-0.063436
45,6,-0.12711
46,6,0.001096
48,6,-0.13594
49,6,-0.03526
50,6,-0.134202
52,6,-0.192191
53,6,-0.152531
56,6,-0.229127
57,6,-0.05799
58,6,-0.155612
59,6,-0.075122
61,6,-0.160287
62,6,-0.195364
64,6,-0.028296
65,6,-0.050697
67,6,-0.201558
68,6,-0.20835
69,6,-0.237033
70,6,-0.127963
74,6,-0.14305
75,6,-0.107085
76,6,-0.141281
77,6,-0.117951
78,6,-0.153199
79,6,-0.188872
80,6,-0.208952
81,6,-0.145749
82,6,-0.102345
84,6,-0.034909
85,6,-0.087529
86,6,-0.181192
88,6,-0.167059
89,6,-0.117849
90,6,-0.167339
91,6,-0.047639
92,6,-0.177788
93,6,-0.135617
94,6,-0.122547
95,6,-0.199366
98,6,-0.161514
100,7,-0.182417
101,7,-0.044549
102,7,-0.112685
103,7,-0.123358
104,7,-0.036771
106,7,-0.158844
107,7,-0.176762
108,7,-0.125149
110,7,-0.082359
111,7,-0.246212
112,7,-0.069768
118,7,-0.050648
120,7,-0.215543
121,7,-0.121065
122,7,-0.070565
124,7,-0.018916
126,7,-0.102133
128,7,-0.107388
130,7,-0.103863
131,7,-0.052899
132,7,-0.100157
133,7,-0.191372
134,7,-0.040614
135,7,-0.125088
136,7,-0.036172
137,7,-0.03077
138,7,-0.103565
141,7,-0.099022
142,7,-0.324922
143,7,-0.12759
146,7,-0.043483
148,7,-0.169001
149,7,0.004555
151,7,-0.127889
153,7,-0.068667
154,7,0.00441
155,7,-0.098882
156,7,-0.330311
157,7,0.006142
158,7,-0.080796
159,7,-0.07439
162,7,0.028579
163,7,-0.029751
165,7,-0.169885
166,7,0.020229
167,7,-0.134192
168,7,-0.13142
170,7,-0.143424
172,7,-0.081355
173,7,-0.212931
174,7,-0.120274
176,7,-0.017324
178,7,-0.274704
179,7,-0.060947
180,7,-0.042325
181,7,-0.050043
182,7,-0.166217
183,7,-0.026243
184,7,-0.096437
186,7,-0.168448
187,7,-0.058649
188,7,-0.073622
189,7,0.01561
190,7,-0.085817
191,7,-0.078927
192,7,-0.140605
194,7,-0.08477
195,7,-0.196461
196,7,0.006982
197,7,-0.090813
198,7,-0.153379
199,7,-0.049537
0,8,-0.151854
2,8,-0.0249
3,8,-0.069507
5,8,-0.233842
7,8,-0.243116
8,8,-0.1415
9,8,-0.027043
10,8,-0.02957
11,8,-0.159389
13,8,-0.112307
14,8,-0.17473
15,8,-0.225575
16,8,-0.293841
18,8,-0.123812
19,8,-0.102283
20,8,-0.030647
21,8,-0.273036
22,8,-0.011699
23,8,-0.254347
24,8,-0.155564
25,8,-0.150233
26,8,-0.020287
27,8,-0.246571
28,8,-0.127814
31,8,-0.242069
33,8,-0.28063
34,8,-0.111908
35,8,-0.044602
36,8,-0.218817
38,8,-0.33675
39,8,-0.070678
41,8,-0.111715
44,8,-0.071184
47,8,-0.11998
49,8,-0.059418
50,8,-0.123856
51,8,-0.028191
52,8,-0.245767
55,8,-0.269433
56,8,-0.263155
57,8,-0.066909
58,8,-0.216298
59,8,-0.067555
60,8,-0.107244
62,8,-0.188412
64,8,-0.046525
67,8,-0.192967
68,8,-0.205162
69,8,-0.22834
70,8,-0.173803
73,8,-0.181935
74,8,-0.273087
76,8,-0.138937
77,8,-0.123743
78,8,-0.163517
79,8,-0.202197
80,8,-0.25382
81,8,-0.273151
84,8,-0.092731
85,8,-0.084547
86,8,-0.217703
88,8,-0.177581
89,8,-0.191887
90,8,-0.18653
91,8,-0.148372
92,8,-0.168457
94,8,-0.177339
95,8,-0.210687
96,8,-0.115641
98,8,-0.158595
99,8,-0.265737
100,9,-0.21049
101,9,-0.042687
102,9,-0.122217
103,9,-0.12395
104,9,-0.079806
106,9,-0.153804
107,9,-0.169997
108,9,-0.120013
111,9,-0.312675
114,9,-0.096659
115,9,-0.089377
116,9,-0.059884
117,9,-0.122938
118,9,-0.049839
119,9,-0.146201
121,9,-0.122773
122,9,-0.065808
127,9,-0.100388
128,9,-0.127897
129,9,-0.153987
130,9,-0.103768
131,9,-0.056514
132,9,-0.127473
134,9,-0.035232
137,9,-0.024719
138,9,-0.098014
141,9,-0.104252
143,9,-0.126058
144,9,-0.122745
147,9,-0.120697
149,9,0.000653
150,9,-0.136605
151,9,-0.122324
152,9,-0.120056
153,9,-0.080008
154,9,-0.015611
156,9,-0.380505
157,9,0.000205
159,9,-0.098194
160,9,-0.121925
161,9,-0.084323
162,9,0.035378
163,9,-0.027662
164,9,-0.034856
165,9,-0.168014
166,9,0.012644
167,9,-0.154091
168,9,-0.132797
170,9,-0.14553
171,9,-0.058505
172,9,-0.076109
174,9,-0.132439
175,9,-0.065182
176,9,-0.019261
177,9,0.027132
178,9,-0.312935
179,9,-0.056422
180,9,-0.036776
181,9,-0.068616
182,9,-0.16363
183,9,-0.033597
184,9,-0.106842
185,9,-0.054315
186,9,-0.167128
187,9,-0.053596
188,9,-0.104416
189,9,0.011561
191,9,-0.113924
195,9,-0.191205
196,9,0.003064
197,9,-0.086359
198,9,-0.181368
0,10,-0.177995
1,10,-0.298474
3,10,-0.076151
5,10,-0.242498
8,10,-0.166019
10,10,-0.03465
11,10,-0.191963
12,10,-0.219353
14,10,-0.170196
15,10,-0.247655
16,10,-0.28193
19,10,-0.168011
20,10,-0.025667
21,10,-0.27316
22,10,-0.007513
24,10,-0.165117
26,10,-0.030337
27,10,-0.261107
28,10,-0.152297
29,10,-0.224771
31,10,-0.28332
34,10,-0.118721
35,10,-0.039747
36,10,-0.223995
37,10,-0.039653
40,10,-0.220803
41,10,-0.123258
42,10,0.012809
43,10,-0.121827
44,10,-0.073679
47,10,-0.13971
48,10,-0.17001
49,10,-0.055847
50,10,-0.120372
51,10,-0.04057
52,10,-0.319443
54,10,-0.109153
55,10,-0.265226
56,10,-0.259395
57,10,-0.061999
58,10,-0.221653
59,10,-0.063259
60,10,-0.154818
61,10,-0.172845
62,10,-0.193323
63,10,-0.117591
65,10,-0.046981
67,10,-0.237105
68,10,-0.219152
69,10,-0.23512
71,10,-0.073663
72,10,-0.201811
74,10,-0.268836
75,10,-0.113726
76,10,-0.145509
77,10,-0.119504
78,10,-0.154838
79,10,-0.247222
80,10,-0.283241
81,10,-0.268225
82,10,-0.12506
83,10,-0.100674
85,10,-0.085102
86,10,-0.217992
87,10,-0.150105
88,10,-0.19193
89,10,-0.278213
91,10,-0.142752
92,10,-0.180613
93,10,-0.126141
94,10,-0.241772
95,10,-0.229015
96,10,-0.128483
97,10,-0.213607
98,10,-0.155152
99,10,-0.297572
100,11,-0.260923
101,11,-0.034848
102,11,-0.156026
103,11,-0.164513
104,11,-0.079529
105,11,-0.107339
107,11,-0.19329
109,11,-0.184315
113,11,-0.250903
114,11,-0.125239
115,11,-0.121583
116,11,-0.077513
117,11,-0.13396
118,11,-0.065321
119,11,-0.182334
121,11,-0.188534
122,11,-0.074299
124,11,-0.068892
125,11,-0.008293
128,11,-0.124734
129,11,-0.140079
130,11,-0.104209
131,11,-0.056764
133,11,-0.191244
134,11,-0.031616
135,11,-0.117744
136,11,-0.090345
138,11,-0.114889
139,11,0.011809
141,11,-0.145681
142,11,-0.346585
143,11,-0.116728
144,11,-0.143976
146,11,-0.094486
147,11,-0.114309
148,11,-0.172294
150,11,-0.137222
151,11,-0.164102
152,11,-0.175522
153,11,-0.085297
155,11,-0.084943
156,11,-0.37279
158,11,-0.063313
159,11,-0.12325
160,11,-0.172064
161,11,-0.104084
162,11,0.039589
163,11,-0.057104
164,11,-0.065376
169,11,-0.195333
170,11,-0.145629
171,11,-0.103556
175,11,-0.118516
180,11,-0.032694
181,11,-0.074646
184,11,-0.098896
185,11,-0.100639
186,11,-0.166669
188,11,-0.155586
189,11,0.025847
190,11,-0.081906
191,11,-0.176933
192,11,-0.16835
193,11,-0.004068
194,11,-0.076133
195,11,-0.18797
196,11,0.007677
197,11,-0.07899
198,11,-0.188254
199,11,-0.08303
0,12,-0.192466
1,12,-0.305259
2,12,-0.088666
4,12,-0.226007
5,12,-0.285699
6,12,-0.117497
7,12,-0.295927
8,12,-0.206984
10,12,-0.046474
11,12,-0.183865
13,12,-0.102477
14,12,-0.17503
15,12,-0.285604
16,12,-0.270625
17,12,-0.222265
18,12,-0.122643
20,12,-0.080078
23,12,-0.303929
24,12,-0.15507
25,12,-0.182899
26,12,-0.020379
28,12,-0.152787
29,12,-0.263425
30,12,-0.032347
31,12,-0.275445
32,12,-0.140244
34,12,-0.159829
35,12,-0.016355
36,12,-0.225112
37,12,-0.067164
38,12,-0.372437
39,12,-0.069031
41,12,-0.116407
44,12,-0.064396
45,12,-0.121146
46,12,0.007702
47,12,-0.173876
48,12,-0.158857
50,12,-0.121788
51,12,-0.058424
52,12,-0.328898
53,12,-0.216502
58,12,-0.241405
59,12,-0.089303
60,12,-0.153765
61,12,-0.237738
62,12,-0.184025
63,12,-0.104558
64,12,-0.094521
65,12,-0.050625
67,12,-0.270812
68,12,-0.225279
70,12,-0.186902
71,12,-0.134164
74,12,-0.288072
76,12,-0.136165
77,12,-0.118637
78,12,-0.152616
79,12,-0.267724
81,12,-0.272006
82,12,-0.189077
83,12,-0.101476
84,12,-0.168108
85,12,-0.082633
86,12,-0.208177
89,12,-0.316224
91,12,-0.141854
93,12,-0.186528
94,12,-0.269216
95,12,-0.231935
98,12,-0.203497
99,12,-0.287793
100,13,-0.252847
101,13,-0.044629
102,13,-0.151376
103,13,-0.160002
104,13,-0.076533
105,13,-0.147176
109,13,-0.188751
110,13,-0.115868
112,13,-0.082105
113,13,-0.27735
118,13,-0.092527
119,13,-0.175298
122,13,-0.094351
123,13,-0.116827
124,13,-0.08413
125,13,-0.004139
126,13,-0.091207
127,13,-0.091549
128,13,-0.136471
129,13,-0.162469
130,13,-0.111007
132,13,-0.126655
133,13,-0.18696
134,13,-0.050616
135,13,-0.122153
136,13,-0.138827
137,13,-0.007526
138,13,-0.123728
139,13,0.005977
141,13,-0.140292
144,13,-0.168542
145,13,-0.059551
146,13,-0.122486
147,13,-0.122822
148,13,-0.16726
149,13,-0.004677
150,13,-0.170039
153,13,-0.113625
154,13,-0.022447
155,13,-0.094683
156,13,-0.360192
157,13,0.00531
158,13,-0.059773
160,13,-0.167496
162,13,0.043216
163,13,-0.077551
166,13,0.002695
167,13,-0.144472
168,13,-0.152864
169,13,-0.199562
170,13,-0.136471
172,13,-0.093293
173,13,-0.214912
174,13,-0.212107
175,13,-0.114049
176,13,-0.007694
179,13,-0.051693
181,13,-0.125133
182,13,-0.159955
184,13,-0.095814
190,13,-0.078149
191,13,-0.184765
193,13,0.009381
194,13,-0.098509
195,13,-0.195199
197,13,-0.07183
198,13,-0.173573
0,14,-0.183443
1,14,-0.330612
2,14,-0.072048
3,14,-0.072742
4,14,-0.281947
6,14,-0.10959
8,14,-0.233125
9,14,-0.102777
10,14,-0.039221
11,14,-0.171323
12,14,-0.21852
13,14,-0.112358
14,14,-0.174735
16,14,-0.292413
22,14,0.002492
23,14,-0.330467
25,14,-0.209324
26,14,-0.112248
28,14,-0.166955
30,14,-0.020182
31,14,-0.281122
32,14,-0.13555
33,14,-0.301077
34,14,-0.159005
36,14,-0.224167
37,14,-0.138438
38,14,-0.383075
39,14,-0.064109
40,14,-0.270174
41,14,-0.188561
43,14,-0.115437
44,14,-0.086697
46,14,-0.055179
48,14,-0.18963
52,14,-0.326085
53,14,-0.235326
54,14,-0.135148
56,14,-0.284032
57,14,-0.074677
60,14,-0.239784
61,14,-0.293502
62,14,-0.225895
63,14,-0.136024
64,14,-0.127522
66,14,-0.358343
67,14,-0.297957
68,14,-0.224859
72,14,-0.240557
73,14,-0.199799
74,14,-0.279681
75,14,-0.106548
76,14,-0.188653
77,14,-0.175077
79,14,-0.286652
80,14,-0.282123
82,14,-0.258082
83,14,-0.187127
84,14,-0.176035
85,14,-0.091805
86,14,-0.232139
87,14,-0.176518
88,14,-0.190664
89,14,-0.342058
90,14,-0.215613
91,14,-0.132937
92,14,-0.194947
97,14,-0.229799
98,14,-0.207747
101,15,-0.041416
103,15,-0.163533
104,15,-0.08827
105,15,-0.141328
107,15,-0.201408
108,15,-0.129339
109,15,-0.213314
110,15,-0.136381
111,15,-0.321269
112,15,-0.074252
113,15,-0.274994
114,15,-0.14153
116,15,-0.110679
117,15,-0.129746
119,15,-0.187794
120,15,-0.223985
121,15,-0.201043
123,15,-0.153419
124,15,-0.115772
125,15,-0.001538
127,15,-0.113024
128,15,-0.133794
129,15,-0.175724
131,15,-0.069103
133,15,-0.182471
134,15,-0.046182
136,15,-0.138722
137,15,-0.035185
138,15,-0.119183
140,15,-0.047421
141,15,-0.14326
142,15,-0.34863
148,15,-0.179467
149,15,-0.014229
151,15,-0.178488
152,15,-0.194756
153,15,-0.110225
154,15,-0.03929
155,15,-0.089726
156,15,-0.362225
157,15,-0.008975
158,15,-0.056653
159,15,-0.140671
160,15,-0.187248
161,15,-0.112928
162,15,0.051023
163,15,-0.074399
164,15,-0.073711
165,15,-0.189141
166,15,-0.007662
167,15,-0.157305
171,15,-0.112406
172,15,-0.096523
174,15,-0.213405
176,15,-0.00256
177,15,-0.000757
178,15,-0.307232
180,15,-0.045444
181,15,-0.16571
182,15,-0.172552
183,15,-0.028152
184,15,-0.092774
185,15,-0.111625
187,15,-0.073126
188,15,-0.177741
189,15,0.029189
190,15,-0.090556
192,15,-0.205059
194,15,-0.137649
196,15,0.009864
197,15,-0.076407
198,15,-0.173467
199,15,-0.078927
1,16,-0.321935
3,16,-0.065749
4,16,-0.282233
5,16,-0.274321
6,16,-0.116985
7,16,-0.294589
8,16,-0.260273
11,16,-0.18433
12,16,-0.257119
13,16,-0.097535
14,16,-0.174267
15,16,-0.285681
19,16,-0.181891
20,16,-0.094766
21,16,-0.280834
23,16,-0.333803
24,16,-0.145518
25,16,-0.213431
26,16,-0.154225
27,16,-0.262111
28,16,-0.192351
29,16,-0.272518
31,16,-0.273671
33,16,-0.329693
34,16,-0.144146
37,16,-0.190337
40,16,-0.294894
43,16,-0.115097
44,16,-0.171095
45,16,-0.114061
46,16,-0.089587
47,16,-0.177072
48,16,-0.21548
49,16,-0.06351
50,16,-0.127884
51,16,-0.047437
52,16,-0.355777
53,16,-0.252616
55,16,-0.253334
56,16,-0.30773
58,16,-0.251349
59,16,-0.093677
60,16,-0.232082
61,16,-0.276864
63,16,-0.123657
64,16,-0.143312
66,16,-0.358607
67,16,-0.321074
68,16,-0.219274
71,16,-0.180171
72,16,-0.243643
73,16,-0.207029
74,16,-0.279895
75,16,-0.1652
76,16,-0.167249
77,16,-0.214534
79,16,-0.318842
80,16,-0.305872
81,16,-0.320871
83,16,-0.210186
84,16,-0.222668
86,16,-0.21511
87,16,-0.202124
88,16,-0.190069
89,16,-0.335353
92,16,-0.20844
93,16,-0.228477
94,16,-0.302512
95,16,-0.235124
96,16,-0.1658
97,16,-0.210559
99,16,-0.286947
100,17,-0.278396
101,17,-0.046802
102,17,-0.163355
104,17,-0.090083
105,17,-0.159151
106,17,-0.157768
108,17,-0.141365
109,17,-0.217028
110,17,-0.174588
111,17,-0.321793
113,17,-0.270605
114,17,-0.177812
118,17,-0.09725
119,17,-0.216778
120,17,-0.227299
121,17,-0.223867
122,17,-0.092345
123,17,-0.155429
126,17,-0.084682
127,17,-0.135096
130,17,-0.111929
131,17,-0.119921
132,17,-0.122249
133,17,-0.190546
135,17,-0.161902
137,17,-0.047733
140,17,-0.042744
142,17,-0.391912
144,17,-0.171883
145,17,-0.119541
146,17,-0.137805
147,17,-0.117827
148,17,-0.176089
149,17,-0.030551
151,17,-0.186608
153,17,-0.111307
155,17,-0.106885
157,17,-0.004734
158,17,-0.054212
159,17,-0.187809
160,17,-0.223624
163,17,-0.072236
164,17,-0.068822
165,17,-0.202843
167,17,-0.184293
168,17,-0.150483
169,17,-0.200205
170,17,-0.150796
171,17,-0.110472
172,17,-0.127705
173,17,-0.236333
174,17,-0.215983
176,17,-0.021695
177,17,-0.062302
178,17,-0.346757
179,17,-0.060203
180,17,-0.061179
182,17,-0.23499
183,17,-0.019159
184,17,-0.110387
186,17,-0.171347
188,17,-0.239362
189,17,0.033372
190,17,-0.086627
191,17,-0.180783
193,17,-0.076474
194,17,-0.20283
195,17,-0.195114
197,17,-0.084903
198,17,-0.174397
199,17,-0.106076
1,18,-0.322574
2,18,-0.065472
3,18,-0.070912
4,18,-0.279441
5,18,-0.269931
6,18,-0.105916
7,18,-0.294924
9,18,-0.108447
10,18,-0.034873
13,18,-0.091134
14,18,-0.178876
15,18,-0.304089
16,18,-0.297982
18,18,-0.136815
19,18,-0.176416
21,18,-0.28298
22,18,0.008234
23,18,-0.354395
24,18,-0.172851
26,18,-0.150116
27,18,-0.25772
28,18,-0.200005
29,18,-0.274168
30,18,-0.031908
34,18,-0.148925
35,18,-0.020083
36,18,-0.225865
37,18,-0.2214
39,18,-0.069939
40,18,-0.298273
43,18,-0.145756
44,18,-0.169699
45,18,-0.096655
46,18,-0.094506
47,18,-0.178607
48,18,-0.218169
50,18,-0.164042
55,18,-0.255291
56,18,-0.293878
58,18,-0.24665
60,18,-0.240993
61,18,-0.287732
62,18,-0.225226
63,18,-0.126353
64,18,-0.138643
68,18,-0.219223
70,18,-0.182679
71,18,-0.172518
72,18,-0.23836
74,18,-0.283531
75,18,-0.175548
77,18,-0.215029
78,18,-0.168531
79,18,-0.321552
80,18,-0.300059
81,18,-0.322297
82,18,-0.261578
83,18,-0.201226
85,18,-0.086411
87,18,-0.201838
90,18,-0.224089
91,18,-0.143204
93,18,-0.217604
94,18,-0.309964
95,18,-0.242892
96,18,-0.165657
97,18,-0.225733
98,18,-0.209645
99,18,-0.280726
100,19,-0.293792
101,19,-0.04997
102,19,-0.169771
103,19,-0.17266
106,19,-0.16313
108,19,-0.149587
109,19,-0.265285
110,19,-0.170037
112,19,-0.153594
114,19,-0.184637
116,19,-0.106089
118,19,-0.087557
119,19,-0.224191
121,19,-0.214345
122,19,-0.085623
123,19,-0.150466
124,19,-0.139761
125,19,0.00728
127,19,-0.148343
128,19,-0.194939
131,19,-0.139593
132,19,-0.132417
133,19,-0.213084
134,19,-0.107179
136,19,-0.13156
137,19,-0.108125
139,19,0.0121
141,19,-0.168682
142,19,-0.397313
143,19,-0.119069
144,19,-0.26786
145,19,-0.145391
146,19,-0.154351
148,19,-0.188259
149,19,-0.041037
150,19,-0.175175
152,19,-0.259629
154,19,-0.05755
155,19,-0.116577
156,19,-0.356905
157,19,-0.021449
158,19,-0.076635
161,19,-0.123718
162,19,0.056719
163,19,-0.124939
166,19,-0.044603
169,19,-0.258889
170,19,-0.230617
173,19,-0.288866
174,19,-0.223061
175,19,-0.109232
177,19,-0.08831
178,19,-0.347199
179,19,-0.066078
180,19,-0.076807
181,19,-0.183587
182,19,-0.24131
183,19,-0.006156
184,19,-0.124635
185,19,-0.106449
186,19,-0.198067
187,19,-0.082868
191,19,-0.176556
194,19,-0.202063
196,19,0.003379
197,19,-0.137022
199,19,-0.208746
1,20,-0.337386
3,20,-0.080338
5,20,-0.274965
8,20,-0.276529
10,20,-0.040225
12,20,-0.257241
13,20,-0.123759
14,20,-0.196878
16,20,-0.313943
17,20,-0.278234
18,20,-0.167668
19,20,-0.199953
20,20,-0.09578
22,20,0.004866
23,20,-0.367806
24,20,-0.193447
25,20,-0.218186
26,20,-0.154538
27,20,-0.253441
28,20,-0.206909
29,20,-0.269276
30,20,-0.033352
31,20,-0.273624
34,20,-0.148653
36,20,-0.236274
38,20,-0.397604
39,20,-0.064755
40,20,-0.323469
41,20,-0.182306
43,20,-0.146353
44,20,-0.175278
47,20,-0.183853
49,20,-0.07026
52,20,-0.37082
53,20,-0.271173
54,20,-0.135807
55,20,-0.273861
57,20,-0.064164
58,20,-0.263567
59,20,-0.099692
60,20,-0.241753
61,20,-0.329859
62,20,-0.225906
64,20,-0.153904
65,20,-0.051149
66,20,-0.358545
67,20,-0.320807
68,20,-0.239843
69,20,-0.253038
70,20,-0.177806
71,20,-0.167805
72,20,-0.244985
73,20,-0.213349
74,20,-0.279367
75,20,-0.165829
76,20,-0.185102
78,20,-0.163354
81,20,-0.321637
82,20,-0.269198
84,20,-0.239099
85,20,-0.093016
86,20,-0.225243
91,20,-0.149378
92,20,-0.209313
95,20,-0.243369
96,20,-0.179835
98,20,-0.219622
101,21,-0.039566
102,21,-0.193715
104,21,-0.084127
106,21,-0.164592
107,21,-0.211179
109,21,-0.305384
110,21,-0.194157
111,21,-0.315018
112,21,-0.146301
113,21,-0.31939
115,21,-0.112815
116,21,-0.126383
118,21,-0.081109
120,21,-0.22424
122,21,-0.107718
123,21,-0.145433
124,21,-0.149474
126,21,-0.075448
128,21,-0.218779
129,21,-0.180826
130,21,-0.158819
131,21,-0.135877
132,21,-0.132957
135,21,-0.161381
136,21,-0.140174
137,21,-0.103017
140,21,-0.03554
141,21,-0.232124
142,21,-0.447504
143,21,-0.129031
145,21,-0.200788
148,21,-0.194455
149,21,-0.057311
150,21,-0.182299
151,21,-0.26159
152,21,-0.286041
153,21,-0.120335
156,21,-0.419323
157,21,-0.015686
159,21,-0.219548
160,21,-0.239974
161,21,-0.119564
162,21,0.050356
163,21,-0.127816
164,21,-0.093472
165,21,-0.309956
166,21,-0.049181
167,21,-0.213081
169,21,-0.266679
173,21,-0.299188
174,21,-0.213837
175,21,-0.10383
176,21,-0.040773
178,21,-0.372403
180,21,-0.101711
181,21,-0.177542
182,21,-0.301257
183,21,-0.003705
184,21,-0.114748
187,21,-0.101517
188,21,-0.269309
190,21,-0.087292
191,21,-0.272721
192,21,-0.210781
193,21,-0.063292
194,21,-0.208397
195,21,-0.184989
196,21,-0.007614
197,21,-0.145375
198,21,-0.1794
199,21,-0.231417
2,22,-0.078076
3,22,-0.084735
5,22,-0.291024
6,22,-0.100894
7,22,-0.302698
9,22,-0.101925
10,22,-0.036479
11,22,-0.19165
12,22,-0.252843
14,22,-0.219102
15,22,-0.299121
16,22,-0.324854
18,22,-0.162684
19,22,-0.213294
21,22,-0.275596
22,22,0.008584
23,22,-0.37246
24,22,-0.186188
25,22,-0.222661
26,22,-0.158333
28,22,-0.202828
31,22,-0.286611
34,22,-0.144393
35,22,-0.009468
36,22,-0.227843
37,22,-0.229602
39,22,-0.074334
40,22,-0.318845
41,22,-0.19217
42,22,-0.018664
44,22,-0.194219
45,22,-0.10402
48,22,-0.226531
49,22,-0.059901
50,22,-0.155861
51,22,-0.070349
52,22,-0.36604
55,22,-0.30426
56,22,-0.28909
57,22,-0.059268
59,22,-0.085533
61,22,-0.326386
62,22,-0.242812
64,22,-0.149813
66,22,-0.353658
67,22,-0.316815
69,22,-0.248034
70,22,-0.188117
71,22,-0.163512
73,22,-0.208296
74,22,-0.275264
75,22,-0.182446
76,22,-0.193257
77,22,-0.219567
79,22,-0.322133
80,22,-0.28679
81,22,-0.327099
82,22,-0.29329
83,22,-0.192131
84,22,-0.253364
85,22,-0.101357
86,22,-0.237477
87,22,-0.1959
88,22,-0.204488
89,22,-0.329145
90,22,-0.218583
91,22,-0.168187
93,22,-0.212524
95,22,-0.245128
96,22,-0.20566
97,22,-0.2161
98,22,-0.211871
99,22,-0.276418
101,23,-0.056626
104,23,-0.09683
105,23,-0.197017
106,23,-0.1893
108,23,-0.15773
110,23,-0.209955
111,23,-0.325797
112,23,-0.151537
114,23,-0.188139
116,23,-0.135943
119,23,-0.230378
120,23,-0.229368
123,23,-0.15721
124,23,-0.163974
126,23,-0.075455
127,23,-0.154856
128,23,-0.232642
130,23,-0.165262
132,23,-0.141064
133,23,-0.244334
134,23,-0.118598
135,23,-0.194633
136,23,-0.157577
137,23,-0.119587
139,23,0.016986
140,23,-0.060809
141,23,-0.234289
142,23,-0.455771
144,23,-0.273615
145,23,-0.197114
146,23,-0.163359
147,23,-0.126146
148,23,-0.203003
149,23,-0.065359
150,23,-0.194333
151,23,-0.269395
152,23,-0.301556
153,23,-0.131406
155,23,-0.118019
157,23,-0.020286
158,23,-0.100155
159,23,-0.215915
160,23,-0.236364
161,23,-0.1526
162,23,0.041044
163,23,-0.139811
164,23,-0.096991
165,23,-0.323486
166,23,-0.072605
167,23,-0.21576
168,23,-0.16462
169,23,-0.263201
170,23,-0.245615
172,23,-0.122033
174,23,-0.214366
176,23,-0.056661
177,23,-0.105985
178,23,-0.370163
179,23,-0.074483
180,23,-0.096954
181,23,-0.189648
182,23,-0.326881
183,23,-0.007909
184,23,-0.121896
186,23,-0.192705
187,23,-0.112334
188,23,-0.282918
189,23,0.02534
191,23,-0.271069
192,23,-0.238118
193,23,-0.065948
196,23,0.00075
198,23,-0.192101
199,23,-0.235712
2,24,-0.064037
4,24,-0.380923
5,24,-0.323961
6,24,-0.09416
8,24,-0.284615
9,24,-0.141522
11,24,-0.225266
12,24,-0.240389
13,24,-0.118189
14,24,-0.248278
15,24,-0.31366
16,24,-0.319866
17,24,-0.269318
18,24,-0.155805
19,24,-0.228832
20,24,-0.088049
21,24,-0.284239
22,24,-0.009285
23,24,-0.379182
24,24,-0.200262
26,24,-0.166065
28,24,-0.210596
29,24,-0.349423
31,24,-0.302413
32,24,-0.126553
33,24,-0.345103
34,24,-0.154046
36,24,-0.223651
37,24,-0.223032
40,24,-0.335462
41,24,-0.212863
42,24,-0.02185
43,24,-0.149296
45,24,-0.097512
46,24,-0.139031
47,24,-0.207112
51,24,-0.129446
52,24,-0.377561
54,24,-0.126845
55,24,-0.38301
56,24,-0.320555
57,24,-0.04397
58,24,-0.274532
59,24,-0.080649
63,24,-0.119135
64,24,-0.155702
67,24,-0.317633
68,24,-0.230656
69,24,-0.250742
70,24,-0.19705
72,24,-0.241426
74,24,-0.292632
75,24,-0.175061
76,24,-0.263677
77,24,-0.234255
78,24,-0.180287
79,24,-0.329771
80,24,-0.300849
81,24,-0.34826
82,24,-0.302068
83,24,-0.228927
84,24,-0.327692
86,24,-0.3727
87,24,-0.197585
88,24,-0.198128
89,24,-0.327588
90,24,-0.236632
91,24,-0.182775
92,24,-0.242768
94,24,-0.31697
95,24,-0.243793
96,24,-0.22293
98,24,-0.224284
102,25,-0.199115
103,25,-0.171361
106,25,-0.206349
110,25,-0.214046
111,25,-0.323387
113,25,-0.330609
114,25,-0.183552
117,25,-0.117958
119,25,-0.233752
120,25,-0.233602
121,25,-0.217557
122,25,-0.131286
123,25,-0.17471
124,25,-0.169085
125,25,0.008369
129,25,-0.175346
132,25,-0.138187
133,25,-0.24479
134,25,-0.116016
135,25,-0.197407
136,25,-0.171138
137,25,-0.123988
138,25,-0.124046
139,25,0.022374
140,25,-0.055507
141,25,-0.235348
142,25,-0.450901
143,25,-0.153241
144,25,-0.270889
145,25,-0.197921
147,25,-0.14939
148,25,-0.197118
149,25,-0.060951
150,25,-0.21602
153,25,-0.128295
154,25,-0.058774
156,25,-0.416323
157,25,-0.011346
158,25,-0.103885
159,25,-0.215697
162,25,0.038872
163,25,-0.158839
169,25,-0.268434
170,25,-0.242643
171,25,-0.107364
172,25,-0.128416
173,25,-0.303855
174,25,-0.21143
176,25,-0.052209
177,25,-0.103793
181,25,-0.210198
182,25,-0.338894
183,25,-0.004346
185,25,-0.098624
186,25,-0.208122
187,25,-0.110375
188,25,-0.286703
189,25,0.027856
190,25,-0.083649
191,25,-0.268051
192,25,-0.234943
193,25,-0.063754
194,25,-0.205496
195,25,-0.182279
196,25,0.006306
199,25,-0.244182
0,26,-0.201841
1,26,-0.384705
4,26,-0.393795
5,26,-0.356638
6,26,-0.093575
8,26,-0.283686
10,26,-0.056781
12,26,-0.229528
13,26,-0.117579
14,26,-0.30483
16,26,-0.358519
17,26,-0.330121
18,26,-0.161262
19,26,-0.243398
20,26,-0.079127
21,26,-0.291517
22,26,-0.005784
23,26,-0.38885
24,26,-0.192826
25,26,-0.264942
26,26,-0.162874
29,26,-0.355613
31,26,-0.319967
32,26,-0.136647
33,26,-0.382591
34,26,-0.168831
35,26,-0.046792
36,26,-0.238193
37,26,-0.219251
38,26,-0.39147
40,26,-0.325935
41,26,-0.204267
43,26,-0.157461
44,26,-0.224254
46,26,-0.139772
48,26,-0.222392
49,26,-0.064526
51,26,-0.128763
52,26,-0.401053
55,26,-0.379481
56,26,-0.323337
57,26,-0.047817
58,26,-0.296394
60,26,-0.259676
63,26,-0.123733
64,26,-0.162143
66,26,-0.386228
68,26,-0.238978
70,26,-0.20343
71,26,-0.174239
72,26,-0.278884
73,26,-0.215373
75,26,-0.171954
78,26,-0.203016
79,26,-0.33531
82,26,-0.299256
83,26,-0.234708
84,26,-0.342059
87,26,-0.201662
88,26,-0.214553
89,26,-0.330592
90,26,-0.228667
91,26,-0.193481
92,26,-0.248568
93,26,-0.224279
94,26,-0.313304
95,26,-0.257792
96,26,-0.225239
98,26,-0.217123
99,26,-0.303405
101,27,-0.052422
102,27,-0.217516
103,27,-0.188321
105,27,-0.20953
107,27,-0.213708
109,27,-0.298717
110,27,-0.224544
111,27,-0.326377
112,27,-0.187168
113,27,-0.349607
114,27,-0.180034
116,27,-0.145409
117,27,-0.128174
118,27,-0.081451
121,27,-0.212555
123,27,-0.1733
125,27,0.015882
126,27,-0.074451
128,27,-0.257554
129,27,-0.170229
132,27,-0.151864
133,27,-0.268617
134,27,-0.131206
135,27,-0.195631
136,27,-0.191147
137,27,-0.126876
138,27,-0.114357
139,27,0.00953
142,27,-0.456694
144,27,-0.275196
145,27,-0.250461
146,27,-0.1738
147,27,-0.145279
148,27,-0.200012
151,27,-0.278727
152,27,-0.312398
156,27,-0.414369
157,27,-0.007871
158,27,-0.116238
159,27,-0.225424
160,27,-0.259715
161,27,-0.160435
162,27,0.040286
165,27,-0.3133
166,27,-0.089968
168,27,-0.21793
169,27,-0.271695
170,27,-0.273476
172,27,-0.137175
173,27,-0.315322
174,27,-0.213784
175,27,-0.10905
177,27,-0.115156
179,27,-0.070493
181,27,-0.219868
183,27,-0.010276
184,27,-0.128999
185,27,-0.100228
186,27,-0.210735
191,27,-0.28133
194,27,-0.225009
195,27,-0.186044
196,27,-0.012722
197,27,-0.150559
198,27,-0.186864
199,27,-0.244283
0,28,-0.258621
1,28,-0.377653
2,28,-0.110819
3,28,-0.076728
4,28,-0.396274
9,28,-0.131854
11,28,-0.233354
12,28,-0.238007
16,28,-0.36728
17,28,-0.342349
18,28,-0.185497
20,28,-0.108764
22,28,-0.033858
23,28,-0.416472
28,28,-0.213729
29,28,-0.363023
30,28,-0.022874
32,28,-0.144503
33,28,-0.390145
34,28,-0.171089
35,28,-0.072982
36,28,-0.241848
37,28,-0.211672
38,28,-0.391177
39,28,-0.107759
40,28,-0.325697
41,28,-0.202904
42,28,-0.039987
44,28,-0.260065
45,28,-0.105012
46,28,-0.163317
47,28,-0.256965
48,28,-0.225645
50,28,-0.181926
51,28,-0.134281
54,28,-0.152433
55,28,-0.389329
57,28,-0.051763
58,28,-0.289752
60,28,-0.298449
61,28,-0.334407
63,28,-0.128644
65,28,-0.086971
66,28,-0.434551
67,28,-0.321691
69,28,-0.25353
71,28,-0.193909
72,28,-0.271625
73,28,-0.220922
74,28,-0.291867
76,28,-0.271979
78,28,-0.207354
79,28,-0.350937
80,28,-0.304873
81,28,-0.351295
82,28,-0.296783
83,28,-0.23731
85,28,-0.105882
86,28,-0.39139
87,28,-0.220848
88,28,-0.23773
89,28,-0.340373
90,28,-0.233454
93,28,-0.230497
95,28,-0.262721
96,28,-0.264122
97,28,-0.221322
98,28,-0.218962
99,28,-0.311174
101,29,-0.066845
104,29,-0.090299
105,29,-0.250735
106,29,-0.209841
107,29,-0.276415
108,29,-0.149358
110,29,-0.237271
113,29,-0.346367
114,29,-0.174731
115,29,-0.183062
116,29,-0.138318
117,29,-0.140331
118,29,-0.080788
119,29,-0.257053
121,29,-0.213873
122,29,-0.134519
123,29,-0.165005
124,29,-0.164211
125,29,0.022872
126,29,-0.069135
127,29,-0.171009
128,29,-0.268125
130,29,-0.203023
131,29,-0.154246
132,29,-0.145947
135,29,-0.210143
136,29,-0.190743
139,29,0.007098
140,29,-0.060367
142,29,-0.450359
143,29,-0.163907
144,29,-0.327952
145,29,-0.244659
146,29,-0.181501
148,29,-0.195589
149,29,-0.075771
150,29,-0.217518
151,29,-0.295705
152,29,-0.362168
154,29,-0.091273
155,29,-0.144024
156,29,-0.454379
157,29,-0.022527
159,29,-0.239494
161,29,-0.155553
163,29,-0.20697
165,29,-0.348045
166,29,-0.080561
167,29,-0.217062
169,29,-0.277112
170,29,-0.261794
172,29,-0.137391
175,29,-0.106335
177,29,-0.109636
178,29,-0.380453
180,29,-0.121792
182,29,-0.360615
184,29,-0.151465
185,29,-0.101133
187,29,-0.105247
189,29,0.018318
193,29,-0.046362
194,29,-0.233079
195,29,-0.236875
197,29,-0.149933
198,29,-0.173914
199,29,-0.257378
2,30,-0.124403
4,30,-0.393634
5,30,-0.360974
6,30,-0.117732
7,30,-0.327591
8,30,-0.287747
11,30,-0.256222
12,30,-0.237713
14,30,-0.30319
15,30,-0.323111
16,30,-0.384194
17,30,-0.357864
18,30,-0.196823
19,30,-0.248583
20,30,-0.132636
23,30,-0.42824
24,30,-0.198535
25,30,-0.278653
26,30,-0.158704
27,30,-0.24959
28,30,-0.213466
30,30,-0.017134
31,30,-0.340785
32,30,-0.190071
34,30,-0.167122
35,30,-0.077939
36,30,-0.257411
37,30,-0.219221
38,30,-0.386918
39,30,-0.10901
40,30,-0.325937
42,30,-0.08612
43,30,-0.167639
44,30,-0.270189
46,30,-0.162479
48,30,-0.223113
50,30,-0.175297
52,30,-0.410624
53,30,-0.282547
55,30,-0.385773
56,30,-0.326627
58,30,-0.28876
60,30,-0.317785
62,30,-0.237367
63,30,-0.142265
64,30,-0.156024
67,30,-0.326314
68,30,-0.237586
69,30,-0.256377
70,30,-0.196671
71,30,-0.195653
73,30,-0.233014
74,30,-0.307343
75,30,-0.165925
76,30,-0.273216
77,30,-0.244419
78,30,-0.206652
79,30,-0.349993
80,30,-0.306134
82,30,-0.323364
83,30,-0.240968
85,30,-0.109975
86,30,-0.404375
87,30,-0.228501
91,30,-0.210744
92,30,-0.252736
93,30,-0.248269
94,30,-0.30905
95,30,-0.259492
96,30,-0.275036
97,30,-0.218261
98,30,-0.225468
99,30,-0.314511
100,31,-0.378303
101,31,-0.060124
102,31,-0.212528
103,31,-0.185848
105,31,-0.268144
106,31,-0.219487
107,31,-0.299182
108,31,-0.131933
110,31,-0.225868
111,31,-0.33061
112,31,-0.197233
113,31,-0.358047
114,31,-0.189467
115,31,-0.172317
118,31,-0.098892
121,31,-0.212118
122,31,-0.14954
124,31,-0.162121
125,31,0.013868
127,31,-0.171275
128,31,-0.275989
129,31,-0.162016
130,31,-0.231769
132,31,-0.15132
133,31,-0.266079
134,31,-0.198226
135,31,-0.233882
136,31,-0.186754
137,31,-0.126958
139,31,0.012772
140,31,-0.098766
141,31,-0.27611
142,31,-0.455733
144,31,-0.336209
145,31,-0.254356
146,31,-0.20971
147,31,-0.191186
148,31,-0.20039
149,31,-0.075484
151,31,-0.355697
152,31,-0.39713
153,31,-0.125779
155,31,-0.139305
156,31,-0.458061
157,31,-0.016185
158,31,-0.193492
159,31,-0.263807
162,31,0.049393
163,31,-0.22077
164,31,-0.108086
165,31,-0.381753
166,31,-0.087684
167,31,-0.208826
168,31,-0.245329
169,31,-0.293847
170,31,-0.286486
174,31,-0.211086
175,31,-0.112532
176,31,-0.050754
177,31,-0.137575
178,31,-0.395075
179,31,-0.059389
182,31,-0.393021
184,31,-0.139397
186,31,-0.216193
187,31,-0.128494
188,31,-0.28406
189,31,0.017556
192,31,-0.233348
194,31,-0.270343
195,31,-0.241573
196,31,-0.006624
197,31,-0.142924
198,31,-0.189359
0,32,-0.278657
1,32,-0.374178
2,32,-0.156373
4,32,-0.413865
5,32,-0.381124
6,32,-0.129256
8,32,-0.287433
11,32,-0.258769
12,32,-0.23519
15,32,-0.34504
17,32,-0.385957
18,32,-0.197305
19,32,-0.254126
21,32,-0.340416
22,32,-0.04365
23,32,-0.441845
24,32,-0.243864
25,32,-0.27158
26,32,-0.181179
27,32,-0.251413
28,32,-0.237214
30,32,-0.005369
31,32,-0.342511
32,32,-0.200743
33,32,-0.38883
34,32,-0.161148
35,32,-0.070859
37,32,-0.245657
38,32,-0.390767
39,32,-0.099716
40,32,-0.320026
41,32,-0.223342
42,32,-0.092836
43,32,-0.193658
44,32,-0.293388
45,32,-0.132655
46,32,-0.161332
50,32,-0.190616
52,32,-0.403481
53,32,-0.359246
56,32,-0.332529
57,32,-0.045867
58,32,-0.296748
60,32,-0.324982
61,32,-0.355461
62,32,-0.232249
63,32,-0.14907
64,32,-0.162417
66,32,-0.422836
68,32,-0.235856
69,32,-0.275991
70,32,-0.194401
72,32,-0.289572
73,32,-0.247882
74,32,-0.307367
75,32,-0.167254
76,32,-0.286274
77,32,-0.26188
78,32,-0.208795
79,32,-0.381045
80,32,-0.296829
81,32,-0.378515
82,32,-0.322973
83,32,-0.241297
84,32,-0.380475
85,32,-0.112074
86,32,-0.426722
88,32,-0.236779
89,32,-0.334909
90,32,-0.248535
92,32,-0.245816
96,32,-0.264727
97,32,-0.221598
98,32,-0.247721
102,33,-0.220006
103,33,-0.190944
104,33,-0.099887
105,33,-0.264669
106,33,-0.279179
108,33,-0.139215
109,33,-0.31951
112,33,-0.197702
115,33,-0.178694
117,33,-0.198338
118,33,-0.108659
120,33,-0.241051
121,33,-0.239597
123,33,-0.16138
124,33,-0.154027
126,33,-0.100198
127,33,-0.180143
128,33,-0.27545
129,33,-0.173657
133,33,-0.284599
134,33,-0.213447
135,33,-0.235547
136,33,-0.201141
138,33,-0.113307
139,33,0.019841
140,33,-0.105171
141,33,-0.284371
142,33,-0.471342
143,33,-0.17034
144,33,-0.338209
145,33,-0.306517
148,33,-0.206003
150,33,-0.247085
151,33,-0.378129
152,33,-0.391163
153,33,-0.18902
154,33,-0.144553
155,33,-0.155508
156,33,-0.456037
157,33,-0.016252
158,33,-0.191544
160,33,-0.318492
161,33,-0.159419
162,33,0.051027
163,33,-0.217896
165,33,-0.442967
166,33,-0.079412
169,33,-0.316614
170,33,-0.307019
171,33,-0.153267
172,33,-0.142388
173,33,-0.340476
174,33,-0.235684
176,33,-0.046563
177,33,-0.145234
179,33,-0.109909
180,33,-0.122188
181,33,-0.25214
183,33,-0.005584
185,33,-0.096053
187,33,-0.19671
188,33,-0.337252
189,33,0.021187
190,33,-0.109692
191,33,-0.290282
192,33,-0.239668
193,33,-0.067093
194,33,-0.268493
196,33,0.001333
197,33,-0.167947
198,33,-0.187574
199,33,-0.269921
0,34,-0.278079
1,34,-0.37585
2,34,-0.136587
3,34,-0.101793
5,34,-0.378444
8,34,-0.294736
9,34,-0.13408
10,34,-0.084048
11,34,-0.250109
15,34,-0.357786
16,34,-0.389674
17,34,-0.392996
19,34,-0.273311
20,34,-0.149531
22,34,-0.053051
23,34,-0.455011
24,34,-0.267453
25,34,-0.27709
27,34,-0.247181
28,34,-0.248988
30,34,-0.006964
32,34,-0.243296
33,34,-0.392033
35,34,-0.068842
36,34,-0.264075
37,34,-0.239314
38,34,-0.414169
39,34,-0.141818
41,34,-0.225445
42,34,-0.125006
43,34,-0.215895
45,34,-0.141819
46,34,-0.151266
47,34,-0.260955
48,34,-0.230877
49,34,-0.069712
50,34,-0.208675
51,34,-0.126037
52,34,-0.397895
53,34,-0.367306
54,34,-0.163198
55,34,-0.393677
56,34,-0.331958
57,34,-0.036189
58,34,-0.311957
67,34,-0.357894
68,34,-0.23296
69,34,-0.301744
70,34,-0.19469
73,34,-0.241525
74,34,-0.312618
75,34,-0.201275
76,34,-0.322739
79,34,-0.393067
80,34,-0.305542
81,34,-0.38238
82,34,-0.339089
84,34,-0.383409
85,34,-0.12063
86,34,-0.436522
87,34,-0.23446
88,34,-0.248115
90,34,-0.260753
92,34,-0.245305
93,34,-0.276846
94,34,-0.326132
96,34,-0.277309
97,34,-0.231099
98,34,-0.25425
99,34,-0.347138
100,35,-0.375918
101,35,-0.056949
102,35,-0.221514
104,35,-0.116331
105,35,-0.277472
106,35,-0.29542
107,35,-0.308061
108,35,-0.161297
109,35,-0.330944
111,35,-0.326249
112,35,-0.204363
114,35,-0.200125
115,35,-0.17086
116,35,-0.148333
117,35,-0.193762
121,35,-0.231848
122,35,-0.144443
124,35,-0.152835
125,35,0.016713
127,35,-0.198328
129,35,-0.190096
130,35,-0.230303
133,35,-0.286361
134,35,-0.225165
135,35,-0.25027
136,35,-0.21546
137,35,-0.123101
138,35,-0.107652
140,35,-0.102535
141,35,-0.281783
144,35,-0.334777
145,35,-0.305936
148,35,-0.203544
149,35,-0.072766
150,35,-0.244358
151,35,-0.372552
152,35,-0.387765
153,35,-0.215712
154,35,-0.152865
156,35,-0.448493
157,35,-0.029403
159,35,-0.267321
160,35,-0.313453
162,35,0.057774
165,35,-0.438977
166,35,-0.074992
167,35,-0.205609
168,35,-0.241406
169,35,-0.313112
170,35,-0.31247
171,35,-0.147903
172,35,-0.139768
176,35,-0.049315
177,35,-0.153217
178,35,-0.393498
179,35,-0.108991
180,35,-0.118874
181,35,-0.253583
182,35,-0.386947
184,35,-0.129732
185,35,-0.093293
186,35,-0.219414
187,35,-0.218982
189,35,0.024395
190,35,-0.108816
192,35,-0.24334
194,35,-0.265397
195,35,-0.244445
196,35,0.004455
197,35,-0.165373
198,35,-0.189154
199,35,-0.279248
0,36,-0.273374
1,36,-0.377856
6,36,-0.131011
7,36,-0.327971
8,36,-0.297945
9,36,-0.136613
10,36,-0.087899
12,36,-0.236432
14,36,-0.305429
15,36,-0.374179
16,36,-0.390664
19,36,-0.269011
21,36,-0.342433
22,36,-0.048419
25,36,-0.30481
26,36,-0.184479
27,36,-0.249249
29,36,-0.363173
30,36,-0.009761
32,36,-0.247569
34,36,-0.185025
38,36,-0.409701
40,36,-0.331398
44,36,-0.305312
45,36,-0.144315
47,36,-0.25564
50,36,-0.208658
51,36,-0.121344
54,36,-0.156104
64,36,-0.16406
66,36,-0.423255
68,36,-0.234537
71,36,-0.190567
74,36,-0.324439
76,36,-0.318662
77,36,-0.283002
80,36,-0.301413
84,36,-0.385279
85,36,-0.124988
87,36,-0.229823
88,36,-0.244118
91,36,-0.211558
95,36,-0.26811
98,36,-0.253155
99,36,-0.342866
101,36,-0.058232
102,36,-0.219872
103,36,-0.19514
107,36,-0.319846
109,36,-0.344568
111,36,-0.331871
115,36,-0.176336
116,36,-0.143608
117,36,-0.197631
119,36,-0.283682
121,36,-0.235878
122,36,-0.136965
126,36,-0.0949
127,36,-0.200231
128,36,-0.287962
131,36,-0.15471
134,36,-0.228202
135,36,-0.258355
136,36,-0.222609
137,36,-0.124249
138,36,-0.103266
141,36,-0.282194
145,36,-0.313277
146,36,-0.219893
147,36,-0.185693
148,36,-0.20421
149,36,-0.074006
150,36,-0.260005
151,36,-0.37931
152,36,-0.405233
153,36,-0.211877
159,36,-0.262623
161,36,-0.161327
164,36,-0.097792
165,36,-0.438305
166,36,-0.078708
169,36,-0.313905
171,36,-0.152009
178,36,-0.406621
180,36,-0.122504
182,36,-0.393588
185,36,-0.088588
187,36,-0.226383
189,36,0.021635
191,36,-0.285936
199,36,-0.275238
0,37,-0.283061
3,37,-0.105868
5,37,-0.382438
6,37,-0.124807
7,37,-0.319638
9,37,-0.132145
10,37,-0.084174
11,37,-0.255095
13,37,-0.123246
14,37,-0.301992
17,37,-0.38743
20,37,-0.163037
23,37,-0.450929
24,37,-0.264134
28,37,-0.244283
29,37,-0.359266
31,37,-0.345988
32,37,-0.24469
34,37,-0.196281
36,37,-0.26894
37,37,-0.232903
39,37,-0.138888
40,37,-0.328377
41,37,-0.221361
42,37,-0.120369
46,37,-0.148168
48,37,-0.22476
49,37,-0.066494
53,37,-0.36309
55,37,-0.387232
57,37,-0.025918
59,37,-0.08657
61,37,-0.350808
62,37,-0.228243
63,37,-0.146154
64,37,-0.156671
65,37,-0.08206
66,37,-0.419792
68,37,-0.231861
74,37,-0.321946
75,37,-0.198156
76,37,-0.323538
78,37,-0.210155
80,37,-0.298703
85,37,-0.131058
88,37,-0.24065
89,37,-0.329967
91,37,-0.214828
92,37,-0.241459
95,37,-0.264568
97,37,-0.237495
99,37,-0.353216
105,37,-0.274472
107,37,-0.31015
108,37,-0.1547
109,37,-0.34971
113,37,-0.367236
114,37,-0.205206
116,37,-0.149488
117,37,-0.194068
118,37,-0.104959
120,37,-0.236479
121,37,-0.24075
123,37,-0.15764
125,37,0.008183
129,37,-0.184562
130,37,-0.236307
135,37,-0.256343
136,37,-0.225768
137,37,-0.121658
138,37,-0.100282
147,37,-0.186701
151,37,-0.381861
152,37,-0.40259
153,37,-0.209062
154,37,-0.148964
156,37,-0.453503
160,37,-0.309737
161,37,-0.167751
163,37,-0.219321
164,37,-0.105273
168,37,-0.238276
170,37,-0.309104
172,37,-0.136544
173,37,-0.342257
174,37,-0.232947
175,37,-0.123232
176,37,-0.046984
179,37,-0.105369
180,37,-0.128892
182,37,-0.39082
183,37,-0.001861
186,37,-0.216093
187,37,-0.222522
189,37,0.023934
191,37,-0.281325
195,37,-0.245331
2,38,-0.134214
3,38,-0.103049
6,38,-0.139432
7,38,-0.311725
8,38,-0.294468
9,38,-0.124247
10,38,-0.101083
12,38,-0.242
13,38,-0.118112
15,38,-0.379698
17,38,-0.392225
20,38,-0.17322
22,38,-0.040321
23,38,-0.453203
24,38,-0.270019
27,38,-0.258522
35,38,-0.067721
38,38,-0.407489
39,38,-0.179176
41,38,-0.228001
42,38,-0.124716
44,38,-0.311511
45,38,-0.142678
47,38,-0.253143
52,38,-0.406437
53,38,-0.368673
54,38,-0.163869
55,38,-0.39199
58,38,-0.316989
60,38,-0.318615
62,38,-0.235293
65,38,-0.091816
66,38,-0.417879
67,38,-0.362639
69,38,-0.2931
72,38,-0.285429
75,38,-0.207422
77,38,-0.320037
78,38,-0.205145
79,38,-0.403652
81,38,-0.417193
88,38,-0.238195
89,38,-0.334065
91,38,-0.215702
94,38,-0.339325
97,38,-0.24284
98,38,-0.282043
99,38,-0.386583
103,38,-0.195226
105,38,-0.271753
106,38,-0.292968
113,38,-0.388366
114,38,-0.214242
116,38,-0.147206
117,38,-0.191683
122,38,-0.140744
126,38,-0.099829
130,38,-0.24336
132,38,-0.153868
133,38,-0.291521
135,38,-0.259544
137,38,-0.122711
139,38,0.02146
140,38,-0.115604
141,38,-0.287672
142,38,-0.479886
146,38,-0.218978
148,38,-0.221444
150,38,-0.269694
155,38,-0.16344
156,38,-0.464077
159,38,-0.272
161,38,-0.165934
164,38,-0.102775
166,38,-0.077796
167,38,-0.203725
169,38,-0.351323
170,38,-0.314247
172,38,-0.135695
175,38,-0.117909
177,38,-0.150882
178,38,-0.408942
185,38,-0.094635
188,38,-0.349378
189,38,0.029192
191,38,-0.290333
194,38,-0.261712
197,38,-0.174087
0,39,-0.284705
6,39,-0.146723
7,39,-0.322884
8,39,-0.304696
9,39,-0.119663
10,39,-0.095496
11,39,-0.249602
14,39,-0.30081
15,39,-0.375288
16,39,-0.393035
17,39,-0.383842
18,39,-0.19179
19,39,-0.263139
23,39,-0.463739
25,39,-0.299538
27,39,-0.281386
30,39,-0.012603
31,39,-0.340907
32,39,-0.239906
34,39,-0.198606
38,39,-0.416601
43,39,-0.217273
45,39,-0.162467
50,39,-0.218972
51,39,-0.126745
52,39,-0.427612
58,39,-0.320597
60,39,-0.319816
61,39,-0.346434
63,39,-0.158332
64,39,-0.151279
65,39,-0.095218
66,39,-0.412942
68,39,-0.226437
69,39,-0.31055
70,39,-0.241145
71,39,-0.202971
74,39,-0.332038
78,39,-0.220916
82,39,-0.362861
83,39,-0.231539
84,39,-0.390742
86,39,-0.437442
87,39,-0.241151
88,39,-0.233557
89,39,-0.335606
90,39,-0.255033
91,39,-0.230334
92,39,-0.279591
94,39,-0.33555
95,39,-0.274268
98,39,-0.290895
99,39,-0.388154
101,39,-0.049096
105,39,-0.275585
113,39,-0.383356
114,39,-0.21743
115,39,-0.180884
116,39,-0.150812
118,39,-0.09902
119,39,-0.29106
123,39,-0.153174
124,39,-0.147865
125,39,0.004761
127,39,-0.195615
129,39,-0.186401
133,39,-0.315458
134,39,-0.251397
136,39,-0.231608
137,39,-0.117375
141,39,-0.286819
143,39,-0.183051
149,39,-0.076523
150,39,-0.293461
151,39,-0.387158
152,39,-0.39874
155,39,-0.167544
156,39,-0.460951
157,39,-0.034652
158,39,-0.21992
165,39,-0.432271
170,39,-0.310283
171,39,-0.154113
172,39,-0.143625
174,39,-0.228509
177,39,-0.154729
179,39,-0.122872
180,39,-0.136759
181,39,-0.25744
182,39,-0.38701
189,39,0.030779
195,39,-0.255904
197,39,-0.168649
199,39,-0.274678
