question_id,b,a
0,-0.01018,1.000001
1,-0.01017,1.000003
2,1.532798,1.001474
3,0.422045,1.005786
4,-0.011023,0.999815
5,-0.011011,0.999818
6,-0.011,0.99982
7,-0.010988,0.999823
8,-0.010976,0.999825
9,0.226856,1.00828
10,-0.011146,0.999781
11,-0.011134,0.999784
12,-0.011122,0.999787
13,-0.011111,0.999789
14,-0.011099,0.999792
15,-0.011087,0.999795
16,-0.011075,0.999797
17,-0.011064,0.9998
18,-0.011052,0.999802
19,-0.01104,0.999805
20,2.067299,1.007237
21,-0.011547,0.99969
22,-0.011534,0.999693
23,1.51191,1.020044
24,1.196607,1.031495
25,-0.012895,0.999337
26,-0.012879,0.999341
27,-0.012864,0.999345
28,0.712603,1.027294
29,-0.01345,0.99918
30,-0.013434,0.999185
31,0.207874,1.011784
32,-0.013597,0.999133
33,-0.013581,0.999138
34,-0.013564,0.999142
35,-0.013547,0.999147
36,-0.014396,1.000001
37,-0.014379,1.000004
38,-0.014363,1.000008
39,-0.014346,1.000011
40,-0.01433,1.000014
41,-0.014314,1.000018
42,-0.014298,1.000021
43,0.311183,0.999557
44,0.293961,1.003416
45,-0.014976,0.999864
46,-0.014958,0.999867
47,-0.01494,0.999871
48,-0.014922,0.999875
49,1.098715,1.00546
50,0.553764,1.003904
51,-0.016296,0.999557
52,-0.016276,0.999562
53,-0.016255,0.999567
54,0.303989,1.01359
55,-0.016589,0.999476
56,0.27844,1.015504
57,-0.016986,0.999364
58,0.51959,1.000896
59,0.265953,1.026744
60,-0.01789,0.99911
61,-0.017866,0.999117
62,-0.017841,0.999123
63,-0.017817,0.99913
64,-0.017792,0.999137
65,-0.017768,0.999143
66,-0.017744,0.99915
67,-0.01772,0.999157
68,0.959601,1.040288
69,-0.018624,0.998884
70,-0.018598,0.998892
71,-0.018571,0.998899
72,-0.017586,0.999256
73,-0.017561,0.999263
74,-0.017535,0.999269
75,-0.01751,0.999276
76,0.819962,1.019281
77,-0.018347,0.999051
78,0.480061,1.023459
79,-0.018786,0.998922
80,-0.018758,0.99893
81,-0.018729,0.998938
82,-0.018701,0.998946
83,0.485021,1.022096
84,-0.019211,0.998799
85,0.634027,1.039749
86,0.50349,1.020294
87,-0.020266,0.998479
88,0.6676,1.040375
89,0.259176,1.009361
90,-0.021216,0.998184
91,-0.021182,0.998194
92,0.256982,1.025989
93,-0.021401,0.99811
94,0.670289,1.05394
95,-0.022376,0.997786
96,-0.022339,0.997798
97,-0.022302,0.99781
98,0.505361,1.042298
99,-0.022929,0.997596
100,0.987761,1.089756
101,0.471857,1.034196
102,-0.024439,0.99705
103,-0.024396,0.997066
104,-0.024354,0.997081
105,-0.024311,0.997096
106,0.263144,1.025362
107,-0.024473,0.997029
108,-0.016971,0.999417
109,-0.016952,0.999421
110,-0.016933,0.999426
111,-0.016913,0.999431
112,-0.016894,0.999436
113,-0.016875,0.999441
114,-0.016856,0.999445
115,-0.016837,0.99945
116,-0.016817,0.999455
117,-0.016798,0.99946
118,-0.016779,0.999464
119,0.306233,1.01436
120,0.809223,1.012437
121,-0.017749,0.999218
122,-0.017728,0.999223
123,-0.017707,0.999229
124,-0.017686,0.999234
125,0.945246,1.035239
126,-0.018435,0.999028
127,-0.018412,0.999034
128,-0.01839,0.99904
129,-0.018368,0.999046
130,0.702015,1.034148
131,-0.019002,0.998863
132,-0.018979,0.99887
133,-0.018955,0.998876
134,-0.018932,0.998883
135,-0.018909,0.998889
136,-0.018885,0.998896
137,-0.018862,0.998902
138,0.274435,1.023863
139,-0.019098,0.998822
140,-0.019075,0.998829
141,0.965035,1.046251
142,-0.020013,0.998551
143,-0.019987,0.998558
144,-0.021515,0.998083
145,0.787406,1.068084
146,-0.022267,0.997813
147,0.777543,1.036626
148,-0.022768,0.997649
149,0.26875,1.021212
150,-0.0229,0.997606
151,1.231577,1.081855
152,-0.023727,0.997307
153,-0.0237,0.997316
154,0.835462,1.058793
155,-0.024271,0.997119
156,-0.024244,0.997129
157,0.459046,1.031736
158,-0.024571,0.997014
159,-0.024543,0.997025
160,-0.024515,0.997035
161,-0.024487,0.997045
162,-0.02446,0.997055
163,0.265839,1.035824
164,0.27488,1.034715
165,-0.025038,0.996828
166,-0.025009,0.996839
167,-0.02498,0.99685
168,-0.024951,0.99686
169,0.230433,1.027143
170,0.470704,1.066967
171,-0.025607,0.996591
172,-0.025577,0.996602
173,-0.025547,0.996614
174,-0.025517,0.996625
175,-0.025487,0.996637
176,-0.025457,0.996648
177,-0.025428,0.99666
178,0.2711,1.018452
179,-0.025654,0.996578
180,-0.013778,0.999101
181,0.215728,1.016477
182,-0.013853,0.999076
183,-0.013844,0.999078
184,-0.013835,0.999081
185,-0.013826,0.999084
186,-0.013817,0.999086
187,-0.013808,0.999089
188,-0.013799,0.999091
189,-0.013791,0.999094
190,-0.013782,0.999096
191,-0.013773,0.999099
192,0.212759,1.019354
193,0.208175,1.009709
194,-0.013973,0.999036
195,0.404188,1.027333
196,-0.014174,0.998969
197,-0.014164,0.998972
198,-0.014155,0.998975
199,-0.014146,0.998978
200,-0.014137,0.998981
201,-0.014127,0.998983
202,0.396221,1.018981
203,0.867063,1.059638
204,-0.014703,0.998799
205,-0.014693,0.998803
206,-0.014683,0.998806
207,0.219337,1.010664
208,-0.014785,0.998774
209,-0.014775,0.998777
210,0.418814,1.011796
211,-0.014955,0.998724
212,-0.014945,0.998727
213,-0.014934,0.99873
214,-0.014924,0.998734
215,0.402039,1.019635
216,-0.023557,0.99746
217,-0.023532,0.997469
218,-0.023506,0.997478
219,0.470283,1.042758
220,-0.023837,0.997359
221,-0.023811,0.997368
222,-0.023784,0.997378
223,-0.023758,0.997387
224,0.647254,1.041268
225,-0.02419,0.997239
226,-0.024163,0.997248
227,-0.024136,0.997258
228,1.175862,1.08139
229,1.469665,1.09999
230,-0.025803,0.996639
231,-0.025773,0.996651
232,0.277006,1.019849
233,-0.025968,0.996582
234,-0.025938,0.996593
235,-0.025908,0.996605
236,-0.025878,0.996616
237,-0.025848,0.996627
238,-0.025818,0.996638
239,-0.025788,0.996649
240,-0.025759,0.996661
241,-0.025729,0.996672
242,-0.025699,0.996683
243,0.682641,1.06272
244,-0.026342,0.996434
245,-0.026311,0.996446
246,-0.02628,0.996457
247,-0.02625,0.996469
248,-0.026219,0.996481
249,-0.026188,0.996493
250,-0.026158,0.996504
251,-0.026127,0.996516
252,0.276009,1.006429
253,-0.020252,0.998521
254,-0.020234,0.998526
255,1.534166,1.051954
256,0.271193,1.032715
257,1.141224,1.05558
258,-0.021712,0.998062
259,-0.021692,0.998069
260,-0.021673,0.998075
261,-0.021653,0.998081
262,-0.021634,0.998087
263,-0.021615,0.998093
264,-0.021596,0.998099
265,0.246955,1.021986
266,-0.021778,0.998035
267,-0.021758,0.998041
268,-0.021739,0.998047
269,-0.02172,0.998053
270,-0.0217,0.99806
271,-0.021681,0.998066
272,-0.021661,0.998072
273,-0.021642,0.998078
274,-0.021623,0.998084
275,-0.021603,0.99809
276,0.487779,1.050893
277,0.667872,1.072745
278,-0.022249,0.997849
279,-0.022229,0.997856
280,-0.022209,0.997862
281,-0.022189,0.997869
282,1.35258,1.07257
283,0.254409,1.045774
284,-0.023019,0.997573
285,-0.022998,0.99758
286,-0.022977,0.997587
287,-0.022956,0.997594
288,0.250236,1.019349
289,-0.026081,0.996584
290,0.236963,1.014833
291,0.427968,1.056222
292,0.242024,1.03551
293,-0.027,0.996219
294,0.417983,1.053929
295,1.3267,1.121871
296,-0.028192,0.995733
297,-0.028161,0.995745
298,0.583119,1.070506
299,-0.028767,0.995492
300,0.754397,1.091013
301,-0.029381,0.995235
302,0.586097,1.087893
303,-0.029905,0.995006
304,-0.02987,0.995021
305,1.076852,1.110549
306,-0.03062,0.994706
307,-0.030584,0.994721
308,-0.030549,0.994737
309,-0.030513,0.994752
310,-0.030477,0.994768
311,0.244724,1.028856
312,-0.030565,0.994733
313,0.451354,1.056666
314,-0.030956,0.994565
315,-0.03092,0.994581
316,-0.030883,0.994597
317,-0.030847,0.994613
318,-0.03081,0.994628
319,-0.030774,0.994644
320,-0.030738,0.99466
321,-0.030701,0.994675
322,-0.030665,0.994691
323,-0.030629,0.994706
324,0.483612,1.055917
325,-0.023108,0.99761
326,-0.023088,0.997617
327,-0.023067,0.997624
328,-0.023046,0.997631
329,1.330645,1.076117
330,-0.02369,0.99741
331,-0.023668,0.997418
332,-0.023647,0.997425
333,-0.023625,0.997433
334,-0.023604,0.99744
335,-0.023583,0.997447
336,-0.023561,0.997455
337,-0.02354,0.997462
338,-0.023519,0.99747
339,-0.023497,0.997477
340,0.240978,1.01995
341,0.265535,1.040619
342,-0.023927,0.997315
343,-0.023905,0.997322
344,-0.023883,0.99733
345,-0.023861,0.997338
346,-0.023839,0.997345
347,-0.023818,0.997353
348,-0.023796,0.997361
349,-0.023774,0.997368
350,-0.023752,0.997376
351,-0.023731,0.997384
352,0.270735,1.02549
353,0.636017,1.066629
354,-0.024437,0.997127
355,-0.024415,0.997135
356,-0.024392,0.997143
357,-0.024369,0.997151
358,-0.024347,0.997159
359,-0.024324,0.997167
360,-0.020202,0.996924
361,1.076034,1.098829
362,-0.020635,0.996745
363,-0.020621,0.996751
364,-0.020607,0.996757
365,0.632461,1.07657
366,-0.02089,0.996636
367,-0.020876,0.996642
368,0.648275,1.082337
369,-0.021187,0.996509
370,-0.021172,0.996515
371,-0.021158,0.996521
372,-0.021143,0.996527
373,0.196257,1.026628
374,-0.021222,0.996492
375,-0.021207,0.996499
376,0.183192,1.030086
377,-0.021284,0.996462
378,0.35868,1.04246
379,-0.021433,0.996402
380,-0.021418,0.996408
381,-0.021403,0.996415
382,-0.021388,0.996421
383,0.181059,1.031694
384,-0.021465,0.996383
385,0.197911,1.026211
386,-0.021563,0.996343
387,0.183069,1.032572
388,-0.021667,0.996295
389,-0.021652,0.996301
390,-0.021636,0.996308
391,-0.021621,0.996314
392,-0.021606,0.996321
393,-0.021591,0.996327
394,-0.021576,0.996334
395,0.612223,1.076422
396,-0.021799,0.998051
397,-0.02178,0.998057
398,-0.02176,0.998064
399,-0.02174,0.99807
400,-0.02172,0.998076
401,-0.021701,0.998082
402,-0.021681,0.998089
403,0.25249,1.017614
404,-0.021782,0.998053
405,-0.021762,0.998059
406,0.463021,1.034652
407,1.442855,1.077791
408,-0.022722,0.997739
409,-0.022701,0.997746
410,-0.02268,0.997753
411,-0.022659,0.99776
412,-0.022638,0.997767
413,-0.022617,0.997774
414,0.269001,1.027817
415,-0.022775,0.997716
416,-0.022754,0.997723
417,0.276602,1.025553
418,0.795012,1.072333
419,-0.023471,0.997478
420,-0.023449,0.997486
421,-0.023427,0.997494
422,-0.023405,0.997501
423,-0.023383,0.997509
424,-0.023361,0.997516
425,-0.023339,0.997524
426,0.878356,1.079111
427,-0.023844,0.997342
428,0.455106,1.053837
429,-0.024037,0.997263
430,-0.024014,0.997271
431,-0.023991,0.997279
432,-0.028536,0.995631
433,0.225658,1.032853
434,0.620591,1.078785
435,-0.029129,0.995383
436,-0.029102,0.995394
437,-0.029074,0.995405
438,-0.029047,0.995416
439,-0.02902,0.995427
440,-0.028993,0.995438
441,-0.028966,0.995449
442,-0.02894,0.995461
443,0.221462,1.036326
444,-0.029103,0.995383
445,-0.029076,0.995394
446,0.733543,1.088332
447,0.247215,1.031224
448,-0.029835,0.995082
449,-0.029807,0.995094
450,0.25085,1.032039
451,-0.029973,0.995029
452,1.434053,1.116415
453,-0.030498,0.994805
454,-0.030469,0.994817
455,-0.03044,0.99483
456,-0.03041,0.994842
457,0.25627,1.034104
458,0.438604,1.070815
459,-0.031095,0.994545
460,-0.031065,0.994558
461,-0.031034,0.994572
462,0.243555,1.036901
463,0.921591,1.097153
464,-0.03181,0.994238
465,-0.031779,0.994252
466,-0.031748,0.994266
467,-0.031716,0.994279
468,0.634753,1.052785
469,-0.023719,0.9974
470,-0.023699,0.997407
471,-0.02368,0.997414
472,-0.02366,0.997421
473,-0.02364,0.997427
474,-0.02362,0.997434
475,-0.0236,0.997441
476,0.659794,1.056497
477,-0.024046,0.997286
478,-0.024026,0.997294
479,-0.024006,0.997301
480,0.494427,1.02689
481,-0.024339,0.997196
482,-0.024318,0.997204
483,-0.024297,0.997211
484,-0.024276,0.997219
485,-0.024256,0.997226
486,-0.024235,0.997233
487,-0.024214,0.997241
488,-0.024194,0.997248
489,-0.024173,0.997255
490,-0.024153,0.997263
491,-0.024132,0.99727
492,-0.024112,0.997277
493,-0.024091,0.997284
494,-0.024071,0.997292
495,-0.02405,0.997299
496,-0.02403,0.997306
497,0.261691,1.023932
498,-0.024199,0.997246
499,-0.024178,0.997253
500,-0.024157,0.99726
501,0.439423,1.050387
502,-0.02444,0.997154
503,-0.024419,0.997162
504,-0.029895,0.995028
505,-0.029868,0.995039
506,-0.02984,0.995051
507,-0.029812,0.995063
508,0.228701,1.019957
509,-0.02992,0.995022
510,-0.029893,0.995034
511,-0.029865,0.995045
512,-0.029837,0.995057
513,0.243229,1.019875
514,-0.030016,0.99499
515,-0.029988,0.995002
516,0.473734,1.062122
517,0.429065,1.04828
518,-0.030598,0.994747
519,-0.03057,0.99476
520,-0.030541,0.994772
521,0.454526,1.082685
522,1.053235,1.112985
523,-0.031482,0.994354
524,-0.031452,0.994367
525,-0.031422,0.99438
526,-0.031392,0.994394
527,-0.031362,0.994407
528,-0.031332,0.99442
529,1.215084,1.152109
530,0.992625,1.128625
531,0.399523,1.057459
532,-0.033074,0.99364
533,0.226056,1.030158
534,-0.033249,0.993565
535,-0.033216,0.99358
536,0.418266,1.064458
537,-0.033491,0.993446
538,-0.033458,0.993461
539,-0.033425,0.993477
540,-0.017345,0.997992
541,-0.017336,0.997996
542,-0.017327,0.997999
543,-0.017318,0.998002
544,-0.017308,0.998005
545,0.210371,1.016446
546,0.521736,1.03994
547,-0.017594,0.997908
548,-0.017584,0.997912
549,0.186893,1.020011
550,-0.01763,0.997893
551,-0.017621,0.997897
552,-0.017611,0.9979
553,0.516781,1.043563
554,-0.017828,0.99782
555,-0.017818,0.997824
556,-0.017808,0.997827
557,-0.017799,0.997831
558,0.956018,1.071365
559,0.200095,1.014403
560,-0.018199,0.997683
561,-0.018189,0.997687
562,-0.018179,0.99769
563,-0.018169,0.997694
564,-0.018159,0.997698
565,-0.018149,0.997701
566,-0.018139,0.997705
567,-0.018129,0.997709
568,-0.018119,0.997712
569,0.20057,1.021069
570,-0.018183,0.997689
571,-0.018173,0.997693
572,0.1925,1.018377
573,0.190481,1.020283
574,-0.018299,0.997645
575,-0.018289,0.997649
576,-0.034252,0.993111
577,-0.034222,0.993125
578,-0.034192,0.993139
579,0.252903,1.031616
580,0.707666,1.094809
581,0.414934,1.064653
582,-0.034998,0.992767
583,-0.034967,0.992781
584,-0.034936,0.992796
585,0.386594,1.049866
586,-0.035039,0.992748
587,-0.035008,0.992762
588,-0.034977,0.992777
589,-0.034946,0.992792
590,-0.034915,0.992806
591,0.231476,1.03848
592,-0.03505,0.992742
593,0.203106,1.026392
594,-0.035105,0.992714
595,-0.035074,0.992729
596,-0.035043,0.992744
597,0.832195,1.13071
598,-0.035461,0.992536
599,-0.035429,0.992551
600,-0.035398,0.992567
601,-0.035366,0.992582
602,-0.035335,0.992597
603,-0.035303,0.992612
604,0.817639,1.110407
605,-0.035693,0.992428
606,-0.035661,0.992444
607,0.962719,1.141416
608,-0.036067,0.992228
609,-0.036034,0.992244
610,-0.036002,0.99226
611,-0.035969,0.992275
612,-0.02614,0.99653
613,0.61785,1.05067
614,1.088829,1.111118
615,-0.027159,0.996136
616,1.107071,1.112187
617,-0.027687,0.995924
618,0.808112,1.088008
619,-0.028152,0.99573
620,0.234717,1.031112
621,-0.028223,0.995698
622,2.129475,1.080995
623,0.229538,1.035275
624,-0.028728,0.995489
625,0.269332,1.028194
626,-0.028935,0.995408
627,-0.028911,0.995418
628,0.213021,1.033561
629,-0.029083,0.995339
630,-0.029059,0.995349
631,-0.029035,0.995359
632,-0.029011,0.995369
633,-0.028986,0.995379
634,-0.028962,0.995389
635,-0.028938,0.995399
636,-0.028914,0.995409
637,-0.028891,0.995418
638,-0.028867,0.995428
639,-0.028843,0.995438
640,-0.028819,0.995448
641,-0.028795,0.995458
642,-0.028771,0.995467
643,-0.028748,0.995477
644,-0.028724,0.995487
645,-0.0287,0.995497
646,-0.028677,0.995506
647,-0.028653,0.995516
648,-0.031388,0.994471
649,-0.031362,0.994482
650,-0.031336,0.994493
651,-0.03131,0.994505
652,-0.031284,0.994516
653,-0.031258,0.994527
654,-0.031232,0.994538
655,-0.031206,0.99455
656,-0.031181,0.994561
657,0.428758,1.061245
658,-0.031439,0.994446
659,-0.031413,0.994457
660,-0.031387,0.994469
661,-0.031361,0.99448
662,0.404979,1.060044
663,-0.031581,0.994379
664,-0.031554,0.994391
665,-0.031528,0.994402
666,-0.031502,0.994414
667,-0.031476,0.994425
668,-0.03145,0.994437
669,-0.031423,0.994448
670,-0.031397,0.99446
671,0.449884,1.061702
672,-0.03173,0.994314
673,-0.031704,0.994326
674,-0.031677,0.994337
675,-0.031651,0.994349
676,-0.031624,0.99436
677,-0.031598,0.994372
678,-0.031572,0.994383
679,-0.031545,0.994395
680,-0.031519,0.994407
681,1.075286,1.126706
682,-0.032003,0.994194
683,-0.031976,0.994206
684,-0.02627,0.996486
685,-0.02625,0.996493
686,-0.02623,0.996501
687,-0.02621,0.996509
688,-0.02619,0.996516
689,-0.02617,0.996524
690,0.665905,1.061398
691,0.603942,1.08405
692,0.26006,1.02886
693,-0.027121,0.99615
694,-0.0271,0.996158
695,-0.027079,0.996166
696,0.257161,1.034751
697,-0.027193,0.996119
698,-0.027172,0.996127
699,-0.027151,0.996135
700,-0.02713,0.996143
701,1.233046,1.098381
702,0.251729,1.038945
703,0.259617,1.024153
704,-0.0279,0.99584
705,-0.027878,0.995849
706,-0.027856,0.995858
707,-0.027834,0.995866
708,0.620477,1.093644
709,0.272075,1.023216
710,0.248577,1.018469
711,0.255645,1.02661
712,-0.028671,0.995536
713,-0.028648,0.995545
714,-0.028625,0.995554
715,0.245506,1.043269
716,-0.028741,0.9955
717,-0.028718,0.99551
718,-0.028694,0.995519
719,0.477802,1.05427
720,-0.024184,0.995173
721,-0.02417,0.99518
722,-0.024155,0.995186
723,-0.024141,0.995193
724,0.191247,1.02403
725,-0.024199,0.99517
726,-0.024185,0.995177
727,0.171281,1.038426
728,0.175582,1.029213
729,-0.024338,0.995099
730,-0.024324,0.995105
731,0.169741,1.019066
732,-0.024398,0.995073
733,1.32857,1.120041
734,-0.024735,0.994916
735,0.16906,1.039411
736,0.909241,1.10119
737,-0.025051,0.994763
738,-0.025036,0.99477
739,-0.025021,0.994777
740,-0.025006,0.994784
741,-0.024991,0.994791
742,-0.024976,0.994798
743,-0.024961,0.994805
744,0.319602,1.059919
745,-0.02511,0.994729
746,-0.025095,0.994736
747,-0.02508,0.994743
748,-0.025065,0.99475
749,0.156832,1.031656
750,-0.025113,0.994723
751,-0.025098,0.994731
752,0.501693,1.064852
753,-0.025306,0.994634
754,-0.025291,0.994642
755,-0.025275,0.994649
756,0.230802,1.031361
757,-0.029496,0.995224
758,-0.029476,0.995233
759,0.228072,1.034068
760,0.217209,1.026844
761,-0.029661,0.995148
762,-0.02964,0.995156
763,-0.02962,0.995165
764,-0.029599,0.995173
765,-0.029579,0.995182
766,0.406616,1.069298
767,0.442119,1.092911
768,0.872776,1.10001
769,1.000843,1.146102
770,-0.031116,0.994484
771,-0.031094,0.994494
772,-0.031072,0.994504
773,-0.031049,0.994514
774,-0.031027,0.994523
775,0.214019,1.053002
776,-0.031152,0.994453
777,-0.031129,0.994463
778,-0.031107,0.994473
779,0.21171,1.055068
780,-0.031232,0.9944
781,-0.03121,0.99441
782,0.212841,1.033773
783,-0.031312,0.994356
784,0.454745,1.067606
785,0.260036,1.035112
786,-0.031643,0.99421
787,0.601105,1.132981
788,-0.032032,0.994016
789,-0.032008,0.994027
790,-0.031985,0.994037
791,-0.031962,0.994048
792,-0.034648,0.993034
793,-0.034623,0.993046
794,-0.034597,0.993058
795,-0.034572,0.99307
796,-0.034546,0.993081
797,-0.034521,0.993093
798,-0.034496,0.993105
799,-0.03447,0.993117
800,-0.034445,0.993129
801,-0.03442,0.99314
802,-0.034394,0.993152
803,-0.034369,0.993164
804,-0.034344,0.993175
805,0.600792,1.094071
806,0.61334,1.091358
807,-0.034995,0.992873
808,-0.034969,0.992885
809,-0.034943,0.992897
810,-0.034917,0.992909
811,-0.034891,0.992921
812,0.250438,1.035818
813,-0.034997,0.992878
814,0.250944,1.039451
815,-0.035147,0.992807
816,-0.035121,0.99282
817,0.232523,1.039311
818,0.41532,1.063129
819,-0.035496,0.992639
820,-0.035469,0.992652
821,-0.035442,0.992664
822,-0.035416,0.992677
823,-0.035389,0.992689
824,-0.035363,0.992702
825,-0.035337,0.992714
826,-0.03531,0.992727
827,-0.035284,0.992739
828,-0.028614,0.995619
829,1.847776,1.106739
830,-0.029064,0.995436
831,0.235729,1.024326
832,-0.029169,0.995393
833,-0.029149,0.995401
834,-0.02913,0.995409
835,-0.029111,0.995417
836,-0.029091,0.995425
837,0.584154,1.079501
838,-0.029417,0.995285
839,-0.029397,0.995293
840,-0.029378,0.995301
841,-0.029358,0.995309
842,-0.029339,0.995317
843,-0.029319,0.995325
844,0.475677,1.0566
845,-0.029496,0.995255
846,-0.029476,0.995264
847,-0.029456,0.995272
848,-0.029437,0.99528
849,-0.029417,0.995288
850,-0.029397,0.995296
851,-0.029378,0.995304
852,0.412151,1.052356
853,1.414103,1.128308
854,-0.030024,0.995033
855,0.475221,1.065978
856,-0.030247,0.994942
857,-0.030226,0.994951
858,-0.030206,0.994959
859,-0.030185,0.994968
860,-0.030165,0.994976
861,-0.030145,0.994985
862,-0.030124,0.994994
863,-0.030104,0.995002
864,0.210142,1.044345
865,-0.034266,0.993092
866,-0.034241,0.993104
867,-0.034216,0.993115
868,-0.034191,0.993127
869,0.206506,1.028817
870,-0.034241,0.993102
871,0.824984,1.126394
872,0.612314,1.108083
873,-0.034945,0.992764
874,0.417496,1.093753
875,0.43605,1.085988
876,0.728062,1.13559
877,-0.035788,0.992331
878,-0.035761,0.992344
879,-0.035734,0.992357
880,-0.035708,0.992369
881,0.214559,1.029043
882,-0.03585,0.992308
883,-0.035824,0.992321
884,0.830389,1.171572
885,0.544915,1.110481
886,0.559397,1.114129
887,-0.036772,0.991808
888,-0.036744,0.991822
889,-0.036717,0.991835
890,-0.036689,0.991849
891,-0.036661,0.991863
892,0.202752,1.028485
893,-0.036721,0.991837
894,-0.036694,0.99185
895,-0.036666,0.991864
896,0.392468,1.10075
897,-0.036908,0.991726
898,-0.03688,0.99174
899,-0.036852,0.991754
900,-0.019955,0.997033
901,-0.019945,0.997037
902,0.726489,1.082169
903,-0.020158,0.99695
904,-0.020148,0.996954
905,-0.020137,0.996958
906,-0.020126,0.996962
907,-0.020116,0.996967
908,-0.020105,0.996971
909,-0.020095,0.996975
910,-0.020084,0.996979
911,0.179044,1.024576
912,-0.020134,0.996959
913,-0.020123,0.996963
914,-0.020112,0.996967
915,-0.020102,0.996972
916,-0.020091,0.996976
917,-0.020081,0.99698
918,-0.02007,0.996984
919,-0.020059,0.996989
920,-0.020049,0.996993
921,-0.020038,0.996997
922,0.185952,1.024602
923,-0.020061,0.996986
924,0.379886,1.048323
925,0.354391,1.05201
926,-0.02033,0.996875
927,-0.02032,0.99688
928,-0.020309,0.996884
929,-0.020298,0.996888
930,-0.020287,0.996893
931,-0.020276,0.996897
932,-0.020266,0.996901
933,-0.020255,0.996906
934,-0.020244,0.99691
935,-0.020233,0.996914
936,-0.037097,0.991704
937,-0.037068,0.991718
938,-0.03704,0.991732
939,-0.037011,0.991746
940,-0.036983,0.99176
941,-0.036955,0.991775
942,1.438879,1.169247
943,0.868617,1.150711
944,-0.037885,0.99129
945,-0.037855,0.991305
946,-0.037826,0.99132
947,-0.037796,0.991335
948,-0.037767,0.99135
949,-0.037738,0.991365
950,-0.037708,0.99138
951,-0.037679,0.991395
952,-0.03765,0.99141
953,-0.037621,0.991424
954,-0.037592,0.991439
955,-0.037562,0.991454
956,-0.037533,0.991469
957,0.205578,1.031257
958,-0.037614,0.991432
959,0.373355,1.089458
960,-0.037821,0.991311
961,-0.037792,0.991326
962,-0.037762,0.991341
963,-0.037733,0.991356
964,-0.037704,0.991371
965,-0.037674,0.991386
966,0.868476,1.168372
967,0.373417,1.096537
968,-0.038388,0.990996
969,-0.038358,0.991011
970,0.958722,1.117643
971,0.676305,1.137715
972,-0.031209,0.994461
973,-0.031186,0.99447
974,0.588338,1.074586
975,-0.031462,0.994352
976,-0.031439,0.994362
977,-0.031416,0.994371
978,0.242589,1.034763
979,-0.031503,0.994335
980,-0.03148,0.994345
981,-0.031457,0.994355
982,-0.031434,0.994365
983,-0.031411,0.994375
984,1.220424,1.115507
985,-0.031877,0.994171
986,0.414426,1.068521
987,-0.032094,0.994074
988,-0.03207,0.994084
989,-0.032047,0.994095
990,-0.032023,0.994105
991,-0.031999,0.994116
992,-0.031976,0.994126
993,-0.031952,0.994136
994,-0.031929,0.994146
995,0.238911,1.056668
996,-0.032035,0.994091
997,0.615257,1.070199
998,-0.032316,0.993972
999,-0.032292,0.993983
1000,-0.032268,0.993993
1001,-0.032244,0.994004
1002,0.243303,1.039026
1003,-0.03241,0.993929
1004,-0.032386,0.99394
1005,0.444406,1.080985
1006,-0.032693,0.993801
1007,-0.032669,0.993812
1008,-0.034795,0.992955
1009,-0.034767,0.992968
1010,0.448475,1.072545
1011,-0.035144,0.992782
1012,-0.035116,0.992795
1013,0.432302,1.047377
1014,-0.035374,0.992682
1015,0.399659,1.061907
1016,0.675902,1.101886
1017,-0.035805,0.992473
1018,0.706636,1.127191
1019,-0.036174,0.992281
1020,-0.036145,0.992296
1021,-0.036116,0.99231
1022,-0.036087,0.992324
1023,-0.036057,0.992338
1024,-0.036028,0.992353
1025,-0.035999,0.992367
1026,0.574589,1.093344
1027,0.525604,1.077373
1028,-0.036633,0.992054
1029,-0.036603,0.992068
1030,-0.036574,0.992083
1031,-0.036544,0.992098
1032,0.224267,1.028008
1033,-0.036637,0.99206
1034,0.544737,1.11259
1035,-0.036964,0.991888
1036,-0.036933,0.991903
1037,-0.036903,0.991919
1038,0.36703,1.060409
1039,-0.037141,0.991794
1040,-0.03711,0.991809
1041,-0.037079,0.991824
1042,-0.037049,0.991839
1043,0.221855,1.029365
1044,0.243038,1.036607
1045,0.221264,1.028846
1046,0.619677,1.097021
1047,0.406748,1.083707
1048,-0.032305,0.994068
1049,-0.032281,0.994079
1050,-0.032258,0.994089
1051,-0.032235,0.994099
1052,-0.032212,0.99411
1053,0.222659,1.03609
1054,-0.032275,0.994079
1055,-0.032252,0.99409
1056,0.420644,1.071936
1057,-0.032458,0.99399
1058,-0.032435,0.994
1059,0.450056,1.068207
1060,-0.032577,0.993936
1061,-0.032554,0.993946
1062,-0.03253,0.993957
1063,-0.032507,0.993967
1064,1.010718,1.118814
1065,-0.03296,0.99376
1066,-0.032936,0.993771
1067,0.213151,1.047096
1068,-0.033078,0.993699
1069,-0.033054,0.99371
1070,-0.03303,0.993721
1071,0.21462,1.042401
1072,-0.033095,0.993685
1073,-0.033071,0.993696
1074,-0.033047,0.993707
1075,-0.033023,0.993718
1076,-0.032999,0.993729
1077,-0.032975,0.99374
1078,0.247366,1.031937
1079,0.212328,1.044362
1080,-0.027876,0.993426
1081,-0.027862,0.993433
1082,-0.027847,0.993441
1083,0.70453,1.110842
1084,-0.028066,0.993326
1085,-0.028051,0.993334
1086,-0.028037,0.993342
1087,-0.028022,0.993349
1088,-0.028007,0.993357
1089,-0.027993,0.993364
1090,-0.027978,0.993372
1091,1.118945,1.125574
1092,-0.028247,0.993233
1093,0.162144,1.027516
1094,-0.028295,0.993206
1095,0.70214,1.117566
1096,-0.028498,0.993096
1097,-0.028483,0.993104
1098,-0.028468,0.993112
1099,-0.028453,0.99312
1100,-0.028438,0.993128
1101,0.321784,1.047613
1102,-0.028562,0.993061
1103,-0.028547,0.993069
1104,-0.028532,0.993077
1105,-0.028516,0.993085
1106,-0.028501,0.993093
1107,-0.028486,0.993101
1108,-0.028471,0.993109
1109,-0.028456,0.993117
1110,-0.028441,0.993125
1111,0.686165,1.109006
1112,-0.028684,0.992992
1113,-0.028668,0.993001
1114,1.305112,1.144112
1115,-0.02892,0.992868
1116,-0.032666,0.993844
1117,0.239174,1.044522
1118,-0.032826,0.993764
1119,-0.032805,0.993774
1120,-0.032784,0.993783
1121,1.382684,1.149813
1122,-0.033202,0.993591
1123,-0.033181,0.993601
1124,0.205917,1.047574
1125,0.203837,1.049451
1126,-0.033316,0.993518
1127,0.435034,1.08139
1128,-0.033492,0.993427
1129,0.265948,1.032062
1130,1.043572,1.158602
1131,-0.03402,0.993177
1132,-0.033998,0.993187
1133,-0.033977,0.993197
1134,-0.033955,0.993208
1135,-0.033933,0.993218
1136,-0.033911,0.993228
1137,0.669914,1.134995
1138,-0.034213,0.993063
1139,-0.034191,0.993073
1140,-0.034169,0.993084
1141,-0.034147,0.993094
1142,-0.034125,0.993104
1143,0.764953,1.132873
1144,0.564348,1.102261
1145,-0.034721,0.992798
1146,-0.034698,0.992809
1147,-0.034676,0.992819
1148,-0.034653,0.99283
1149,-0.034631,0.992841
1150,-0.034608,0.992852
1151,0.227681,1.051604
1152,0.195255,1.031238
1153,-0.041307,0.989684
1154,-0.041278,0.989699
1155,0.567333,1.112718
1156,0.66103,1.110953
1157,-0.041834,0.989395
1158,-0.041805,0.989411
1159,-0.041776,0.989427
1160,-0.041747,0.989442
1161,-0.041718,0.989458
1162,0.206589,1.040934
1163,-0.041818,0.989402
1164,0.420126,1.10235
1165,-0.042055,0.989269
1166,-0.042025,0.989285
1167,0.571399,1.111264
1168,-0.042212,0.989181
1169,0.227865,1.046937
1170,-0.042282,0.989143
1171,0.838998,1.175105
1172,0.203133,1.059997
1173,-0.042836,0.988828
1174,-0.042806,0.988844
1175,-0.042776,0.988861
1176,-0.042746,0.988877
1177,-0.042716,0.988894
1178,-0.042685,0.98891
1179,-0.042655,0.988927
1180,-0.042625,0.988943
1181,-0.042595,0.98896
1182,-0.042565,0.988976
1183,0.200784,1.036079
1184,-0.042631,0.988943
1185,0.187889,1.042209
1186,-0.042663,0.988921
1187,1.301369,1.19108
1188,-0.03225,0.994088
1189,-0.03223,0.994097
1190,0.60103,1.081639
1191,-0.032503,0.993979
1192,1.380443,1.142224
1193,0.244731,1.044919
1194,0.393602,1.069758
1195,-0.033269,0.993627
1196,-0.033248,0.993636
1197,-0.033227,0.993645
1198,-0.033206,0.993655
1199,0.577327,1.09687
1200,0.240422,1.047963
1201,-0.033609,0.993464
1202,-0.033588,0.993473
1203,0.213378,1.042767
1204,0.237971,1.049795
1205,0.235443,1.051751
1206,-0.03394,0.9933
1207,-0.033918,0.99331
1208,-0.033897,0.99332
1209,-0.033875,0.99333
1210,-0.033854,0.99334
1211,-0.033832,0.993349
1212,-0.033811,0.993359
1213,-0.03379,0.993369
1214,-0.033768,0.993379
1215,0.411435,1.064887
1216,-0.033969,0.993282
1217,-0.033947,0.993292
1218,-0.033926,0.993301
1219,0.858421,1.133116
1220,-0.03431,0.993121
1221,-0.034288,0.993131
1222,1.244397,1.157289
1223,0.379865,1.067883
1224,-0.039455,0.990661
1225,-0.039427,0.990676
1226,-0.039399,0.99069
1227,0.186892,1.035361
1228,-0.039423,0.990675
1229,-0.039395,0.99069
1230,0.68946,1.141341
1231,-0.039674,0.990539
1232,1.353715,1.148986
1233,-0.040041,0.990345
1234,0.9276,1.153066
1235,-0.040441,0.990136
1236,0.422942,1.067756
1237,-0.04063,0.990041
1238,-0.040601,0.990056
1239,-0.040572,0.990071
1240,0.213826,1.047961
1241,-0.040709,0.989997
1242,-0.04068,0.990012
1243,-0.040651,0.990027
1244,-0.040622,0.990042
1245,-0.040593,0.990058
1246,-0.040563,0.990073
1247,0.419762,1.095429
1248,-0.04079,0.98995
1249,-0.040761,0.989965
1250,-0.040732,0.98998
1251,-0.040703,0.989996
1252,0.904492,1.147772
1253,-0.041162,0.989755
1254,-0.041132,0.98977
1255,0.887034,1.14456
1256,-0.041504,0.989571
1257,-0.041474,0.989587
1258,-0.041444,0.989603
1259,-0.041414,0.989619
1260,0.175503,1.025002
1261,-0.02467,0.995018
1262,0.169785,1.028817
1263,-0.024695,0.995004
1264,-0.024684,0.995009
1265,-0.024673,0.995015
1266,-0.024662,0.99502
1267,-0.024651,0.995025
1268,-0.02464,0.99503
1269,-0.02463,0.995035
1270,-0.024619,0.99504
1271,-0.024608,0.995045
1272,-0.024597,0.99505
1273,-0.024586,0.995055
1274,0.173486,1.020504
1275,-0.024626,0.995037
1276,-0.024615,0.995042
1277,-0.024604,0.995047
1278,0.328031,1.048198
1279,-0.024677,0.995012
1280,-0.024666,0.995017
1281,-0.024655,0.995022
1282,-0.024644,0.995027
1283,-0.024633,0.995032
1284,0.695286,1.084549
1285,-0.024782,0.994964
1286,-0.024771,0.994969
1287,0.354854,1.056272
1288,-0.024886,0.994914
1289,-0.024875,0.994919
1290,-0.024864,0.994924
1291,-0.024853,0.99493
1292,-0.024842,0.994935
1293,0.186047,1.023441
1294,-0.024902,0.994909
1295,-0.024891,0.994914
1296,-0.035733,0.99134
1297,-0.035717,0.991349
1298,-0.035701,0.991357
1299,-0.035684,0.991366
1300,-0.035668,0.991375
1301,0.535073,1.115046
1302,0.207095,1.052107
1303,-0.03586,0.991268
1304,-0.035843,0.991276
1305,0.199055,1.042892
1306,-0.035921,0.991232
1307,0.19744,1.044171
1308,-0.036,0.991187
1309,-0.035983,0.991196
1310,1.115536,1.136245
1311,-0.036226,0.991075
1312,-0.036209,0.991084
1313,-0.036193,0.991092
1314,-0.036176,0.991101
1315,0.34217,1.074273
1316,-0.036277,0.991039
1317,-0.036261,0.991048
1318,0.195755,1.045089
1319,-0.036339,0.991003
1320,0.536608,1.112594
1321,-0.03655,0.990884
1322,-0.036533,0.990893
1323,-0.036516,0.990903
1324,-0.036499,0.990912
1325,-0.036482,0.990921
1326,-0.036465,0.99093
1327,-0.036448,0.990939
1328,-0.036431,0.990948
1329,-0.036414,0.990958
1330,-0.036397,0.990967
1331,-0.03638,0.990976
1332,-0.033615,0.992501
1333,0.41,1.069724
1334,-0.033721,0.992448
1335,-0.033707,0.992455
1336,-0.033694,0.992462
1337,-0.03368,0.992469
1338,-0.033666,0.992476
1339,-0.033653,0.992483
1340,-0.033639,0.99249
1341,-0.033625,0.992497
1342,-0.033611,0.992503
1343,-0.033598,0.99251
1344,-0.033584,0.992517
1345,-0.03357,0.992524
1346,-0.033557,0.992531
1347,-0.033543,0.992538
1348,0.218388,1.04091
1349,-0.033608,0.992503
1350,-0.033595,0.99251
1351,-0.033581,0.992517
1352,-0.033567,0.992523
1353,-0.033554,0.99253
1354,-0.03354,0.992537
1355,-0.033527,0.992544
1356,0.561831,1.088155
1357,-0.033653,0.992483
1358,-0.033639,0.99249
1359,-0.033626,0.992497
1360,-0.033612,0.992504
1361,-0.033598,0.992511
1362,-0.033585,0.992518
1363,0.200725,1.035668
1364,-0.03362,0.992501
1365,-0.033606,0.992507
1366,-0.033593,0.992514
1367,-0.033579,0.992521
1368,-0.034683,0.991968
1369,-0.034668,0.991976
1370,-0.034652,0.991984
1371,0.202168,1.045177
1372,-0.034698,0.991959
1373,-0.034683,0.991967
1374,0.624175,1.133435
1375,-0.034841,0.991875
1376,-0.034826,0.991883
1377,0.179452,1.032323
1378,0.191836,1.032017
1379,-0.034923,0.991829
1380,-0.034908,0.991837
1381,0.401001,1.066808
1382,-0.035048,0.991767
1383,-0.035033,0.991775
1384,-0.035017,0.991783
1385,-0.035001,0.99179
1386,-0.034986,0.991798
1387,-0.03497,0.991806
1388,-0.034955,0.991814
1389,-0.034939,0.991822
1390,-0.034923,0.99183
1391,0.170809,1.038008
1392,2.041797,1.106643
1393,-0.035178,0.991697
1394,-0.035163,0.991705
1395,-0.035147,0.991713
1396,-0.035131,0.991721
1397,-0.035115,0.991729
1398,0.168964,1.039388
1399,0.348796,1.086399
1400,-0.035289,0.991624
1401,0.363563,1.080913
1402,-0.035407,0.991556
1403,0.905083,1.161737
1404,-0.035312,0.991737
1405,0.555118,1.090758
1406,-0.035451,0.991668
1407,-0.035437,0.991675
1408,-0.035422,0.991683
1409,-0.035408,0.99169
1410,-0.035393,0.991697
1411,0.186669,1.040284
1412,-0.035444,0.991668
1413,0.19144,1.032375
1414,-0.035489,0.991644
1415,-0.035474,0.991652
1416,-0.035459,0.991659
1417,0.185397,1.041406
1418,-0.035511,0.991629
1419,0.216166,1.039414
1420,-0.035571,0.991599
1421,-0.035557,0.991606
1422,-0.035542,0.991614
1423,0.397854,1.062006
1424,-0.035673,0.991551
1425,-0.035658,0.991558
1426,-0.035644,0.991566
1427,-0.035629,0.991573
1428,0.186168,1.034959
1429,-0.035643,0.991564
1430,-0.035628,0.991572
1431,-0.035613,0.991579
1432,0.200895,1.038422
1433,-0.035677,0.991548
1434,-0.035663,0.991555
1435,-0.035648,0.991563
1436,1.041064,1.146003
1437,-0.035928,0.991424
1438,0.183526,1.042177
1439,0.607416,1.114221
